23001,<b>,4,3,1,<e>,<b>,4,1,<e>,<b>,4,1,<e>,<b>,4,2,4,1,<e>,<b>,4,1,<e>,<b>,4,1,<e>,<b>,4,1,<e>,<b>,4,1,<e>,<b>,4,1,<e>,<b>,4,1,<e>,<b>,2,1,<e>,<b>,2,1,<e>,<b>,2,1,<e>,<b>,4,1,<e>,<b>,4,1,<e>,<b>,2,1,<e>,<b>,4,1,<e>,<b>,4,1,<e>,<b>,4,1,<e>,<b>,2,1,<e>,<b>,2,1,<e>,<b>,4,2,1,2,1,<e>,,,,,,,,,,,,,,,,,,,,,,,,,,,,,,,,,,,,,,,,,,,,,,,,,,,,,,,,,,,,,,,,,,,,,,,,,,,,,,,,,,,,,,,,,,,,,,,,,,,,,,,,,,,,,,,,,,,,,,,,,,,,,,,,,,,,
23002,<b>,3,5,2,3,2,1,<e>,<b>,3,2,3,2,1,<e>,<b>,3,2,3,2,5,2,1,<e>,<b>,3,2,3,2,1,<e>,<b>,3,2,3,2,1,<e>,<b>,2,1,3,2,1,<e>,<b>,3,2,3,2,5,2,1,<e>,,,,,,,,,,,,,,,,,,,,,,,,,,,,,,,,,,,,,,,,,,,,,,,,,,,,,,,,,,,,,,,,,,,,,,,,,,,,,,,,,,,,,,,,,,,,,,,,,,,,,,,,,,,,,,,,,,,,,,,,,,,,,,,,,,,,,,,,,,,,,,,,,,,,,,,,,,,,,,,,,,,,,,,,,,,,
23003,<b>,3,1,<e>,<b>,3,1,<e>,<b>,2,1,<e>,<b>,2,1,<e>,<b>,2,1,<e>,<b>,2,1,<e>,<b>,2,1,<e>,<b>,3,1,<e>,<b>,2,1,<e>,,,,,,,,,,,,,,,,,,,,,,,,,,,,,,,,,,,,,,,,,,,,,,,,,,,,,,,,,,,,,,,,,,,,,,,,,,,,,,,,,,,,,,,,,,,,,,,,,,,,,,,,,,,,,,,,,,,,,,,,,,,,,,,,,,,,,,,,,,,,,,,,,,,,,,,,,,,,,,,,,,,,,,,,,,,,,,,,,,,,,,,,,,,,,,
23005,<b>,3,4,4,1,2,1,<e>,<b>,3,4,1,<e>,<b>,3,4,1,<e>,<b>,3,4,2,1,<e>,<b>,3,4,1,<e>,<b>,3,4,1,<e>,<b>,5,1,5,1,<e>,<b>,3,4,1,5,1,<e>,<b>,3,4,1,<e>,<b>,3,4,1,<e>,<b>,3,4,1,<e>,<b>,3,4,1,<e>,<b>,3,4,1,<e>,<b>,3,4,1,<e>,<b>,3,4,2,1,<e>,<b>,3,4,2,1,<e>,<b>,3,2,1,<e>,<b>,3,4,1,<e>,<b>,3,4,1,2,1,<e>,<b>,3,4,2,1,<e>,<b>,4,1,<e>,<b>,2,1,2,1,2,1,<e>,<b>,4,3,4,1,<e>,<b>,3,4,4.0,1,<e>,<b>,3,4,1,<e>,<b>,3,4.0,1,2,1,<e>,,,,,,,,,,,,,,,,,,,,,,,,,,,,,,,,,,,,,,,,,,,,,,,,,,,,,,,,,,,,,,,,,,,,,,,,,,,,,,
23010,<b>,3,5,1,<e>,<b>,3,1,<e>,<b>,3,5,1,<e>,<b>,5,1,<e>,<b>,3,5,1,<e>,<b>,5,1,<e>,<b>,5,1,<e>,<b>,3,5,1,<e>,<b>,2,1,<e>,<b>,2,1,<e>,<b>,3,5,1,<e>,<b>,3,5,1,<e>,<b>,3,5,1,<e>,<b>,3,5,1,<e>,<b>,5,1,<e>,<b>,3,5,1,<e>,,,,,,,,,,,,,,,,,,,,,,,,,,,,,,,,,,,,,,,,,,,,,,,,,,,,,,,,,,,,,,,,,,,,,,,,,,,,,,,,,,,,,,,,,,,,,,,,,,,,,,,,,,,,,,,,,,,,,,,,,,,,,,,,,,,,,,,,,,,,,,,,,,,,,,,,,
23014,<b>,3,1,<e>,<b>,3,1,<e>,<b>,4,1,<e>,<b>,3,1,<e>,<b>,2,1,2,1,<e>,<b>,3,2,1,<e>,<b>,3,2,1,<e>,<b>,2,1,<e>,<b>,2,1,<e>,<b>,3,1,<e>,<b>,3,2,1,<e>,<b>,3,2,1,<e>,,,,,,,,,,,,,,,,,,,,,,,,,,,,,,,,,,,,,,,,,,,,,,,,,,,,,,,,,,,,,,,,,,,,,,,,,,,,,,,,,,,,,,,,,,,,,,,,,,,,,,,,,,,,,,,,,,,,,,,,,,,,,,,,,,,,,,,,,,,,,,,,,,,,,,,,,,,,,,,,,,,,,,,,,,,,
23023,<b>,2,1,1,<e>,<b>,3,4,3,1,<e>,<b>,3,1,<e>,<b>,3,2,1,<e>,<b>,3,2,1,<e>,<b>,3,1,<e>,<b>,5,2,1,<e>,<b>,3,2,1,<e>,<b>,3,1,<e>,<b>,3,1,<e>,<b>,3,1,2,1,<e>,<b>,3,1,<e>,<b>,2,1,<e>,<b>,3,4,2,1,<e>,<b>,2,1,<e>,<b>,2,1,<e>,<b>,3,1,<e>,<b>,3,1,<e>,<b>,3,2,1,<e>,<b>,3,4,1,<e>,<b>,3,1,<e>,<b>,3,4,1,2,1,<e>,<b>,3,2,1,<e>,<b>,2,1,2,1,<e>,,,,,,,,,,,,,,,,,,,,,,,,,,,,,,,,,,,,,,,,,,,,,,,,,,,,,,,,,,,,,,,,,,,,,,,,,,,,,,,,,,,,,,,,,,,,,,,,,,,,,,,,,,,,,,,
23024,<b>,3,1,<e>,<b>,4,1,<e>,<b>,3,1,<e>,<b>,4,3,1,<e>,<b>,4,1,4,2,1,<e>,<b>,2,1,<e>,<b>,3,1,<e>,<b>,4,1,<e>,<b>,3,1,3,1,<e>,<b>,4,1,<e>,<b>,2,1,<e>,<b>,2,1,<e>,<b>,3,4,1,4,1,<e>,<b>,4,1,<e>,<b>,3,1,<e>,<b>,4,3,1,<e>,<b>,3,1,<e>,<b>,5,3,1,<e>,<b>,4,5,1,<e>,<b>,4,3,1,<e>,<b>,4,3,1,<e>,,,,,,,,,,,,,,,,,,,,,,,,,,,,,,,,,,,,,,,,,,,,,,,,,,,,,,,,,,,,,,,,,,,,,,,,,,,,,,,,,,,,,,,,,,,,,,,,,,,,,,,,,,,,,,,,,,,,,,,,,,,,,,,,
23027,<b>,3,3,2,1,<e>,<b>,3,1,<e>,<b>,3,1,<e>,<b>,3,1,<e>,<b>,3,1,<e>,<b>,3,1,<e>,<b>,2,1,<e>,<b>,3,1,<e>,<b>,3,2,1,<e>,<b>,3,1,<e>,<b>,5,2,1,5,2,1,<e>,<b>,3,1,<e>,<b>,2,1,<e>,<b>,3,1,<e>,<b>,5,1,<e>,<b>,3,1,<e>,<b>,3,1,<e>,<b>,3,1,<e>,<b>,3,1,<e>,<b>,4,2,1,<e>,,,,,,,,,,,,,,,,,,,,,,,,,,,,,,,,,,,,,,,,,,,,,,,,,,,,,,,,,,,,,,,,,,,,,,,,,,,,,,,,,,,,,,,,,,,,,,,,,,,,,,,,,,,,,,,,,,,,,,,,,,,,,,,,,,,,,,,,,,
23034,<b>,5,2,1,<e>,<b>,5,1,5,2,1,5,1,<e>,<b>,2,1,<e>,<b>,2,1,5,1,<e>,<b>,2,1,5,1,<e>,<b>,5,2,1,<e>,<b>,5,1,5,1,<e>,<b>,2,1,5,1,<e>,<b>,5,1,<e>,<b>,5,1,<e>,<b>,2,1,<e>,<b>,5,1,2,1,<e>,<b>,2,1,<e>,<b>,2,1,<e>,,,,,,,,,,,,,,,,,,,,,,,,,,,,,,,,,,,,,,,,,,,,,,,,,,,,,,,,,,,,,,,,,,,,,,,,,,,,,,,,,,,,,,,,,,,,,,,,,,,,,,,,,,,,,,,,,,,,,,,,,,,,,,,,,,,,,,,,,,,,,,,,,,,,,,,,,
23036,<b>,3,1,<e>,<b>,3,1,<e>,<b>,3,1,<e>,<b>,3,1,<e>,<b>,3,1,<e>,<b>,3,1,<e>,<b>,3,1,<e>,<b>,3,1,<e>,<b>,3,1,<e>,<b>,3,1,<e>,<b>,3,1,<e>,<b>,3,1,<e>,,,,,,,,,,,,,,,,,,,,,,,,,,,,,,,,,,,,,,,,,,,,,,,,,,,,,,,,,,,,,,,,,,,,,,,,,,,,,,,,,,,,,,,,,,,,,,,,,,,,,,,,,,,,,,,,,,,,,,,,,,,,,,,,,,,,,,,,,,,,,,,,,,,,,,,,,,,,,,,,,,,,,,,,,,,,,,,,,,
23037,<b>,3,1,<e>,<b>,5,1,<e>,<b>,3,1,<e>,,,,,,,,,,,,,,,,,,,,,,,,,,,,,,,,,,,,,,,,,,,,,,,,,,,,,,,,,,,,,,,,,,,,,,,,,,,,,,,,,,,,,,,,,,,,,,,,,,,,,,,,,,,,,,,,,,,,,,,,,,,,,,,,,,,,,,,,,,,,,,,,,,,,,,,,,,,,,,,,,,,,,,,,,,,,,,,,,,,,,,,,,,,,,,,,,,,,,,,,,,,,,,,,,,,,,,
23040,<b>,3,1,<e>,<b>,3,1,<e>,<b>,3,1,<e>,<b>,3,1,<e>,<b>,2,1,<e>,<b>,2,1,<e>,<b>,2,1,2,1,<e>,<b>,3,1,<e>,<b>,3,1,<e>,<b>,3,1,<e>,<b>,3,1,<e>,<b>,3,1,<e>,<b>,3,1,<e>,<b>,2,1,<e>,<b>,3,1,<e>,<b>,3,1,<e>,<b>,3,1,<e>,<b>,3,1,<e>,<b>,3,1,<e>,<b>,3,1,<e>,<b>,2,1,<e>,<b>,3,1,<e>,,,,,,,,,,,,,,,,,,,,,,,,,,,,,,,,,,,,,,,,,,,,,,,,,,,,,,,,,,,,,,,,,,,,,,,,,,,,,,,,,,,,,,,,,,,,,,,,,,,,,,,,,,,,,,,,,,,,,,,,,,,,,,,,,,,,,,,,
23042,<b>,2,1,2,1,<e>,<b>,2,1,<e>,<b>,2,1,<e>,<b>,2,1,<e>,<b>,2,1,<e>,<b>,3,2,1,<e>,<b>,3,2,1,<e>,<b>,2,1,2,1,<e>,<b>,2,1,<e>,<b>,2,1,<e>,<b>,2,1,<e>,<b>,2,1,<e>,<b>,2,1,<e>,<b>,3,4,3,2,1,<e>,<b>,3,1,<e>,<b>,2,1,<e>,<b>,2,3,1,<e>,<b>,2,1,<e>,<b>,2,1,<e>,<b>,2,1,<e>,<b>,2,1,<e>,<b>,2,1,<e>,<b>,2,1,<e>,,,,,,,,,,,,,,,,,,,,,,,,,,,,,,,,,,,,,,,,,,,,,,,,,,,,,,,,,,,,,,,,,,,,,,,,,,,,,,,,,,,,,,,,,,,,,,,,,,,,,,,,,,,,,,,,,,,,,,,,,,,,
23044,<b>,5,1,5,1,<e>,<b>,2,1,<e>,<b>,3,1,<e>,<b>,2,1,2,1,<e>,<b>,2,1,<e>,<b>,3,2,1,<e>,<b>,3,2,1,<e>,<b>,3,1,<e>,<b>,2,5,1,<e>,,,,,,,,,,,,,,,,,,,,,,,,,,,,,,,,,,,,,,,,,,,,,,,,,,,,,,,,,,,,,,,,,,,,,,,,,,,,,,,,,,,,,,,,,,,,,,,,,,,,,,,,,,,,,,,,,,,,,,,,,,,,,,,,,,,,,,,,,,,,,,,,,,,,,,,,,,,,,,,,,,,,,,,,,,,,,,,,,,,,,,,
23045,<b>,3,1,<e>,<b>,2,1,<e>,<b>,2,1,<e>,<b>,5,1,<e>,<b>,2,1,<e>,<b>,2,1,<e>,<b>,2,1,<e>,<b>,2,1,<e>,<b>,2,1,<e>,<b>,2,1,<e>,<b>,2,1,<e>,<b>,2,1,<e>,<b>,5,1,<e>,<b>,2,1,<e>,<b>,5,1,<e>,<b>,5,1,<e>,<b>,5,1,<e>,<b>,2,1,<e>,<b>,5,1,<e>,,,,,,,,,,,,,,,,,,,,,,,,,,,,,,,,,,,,,,,,,,,,,,,,,,,,,,,,,,,,,,,,,,,,,,,,,,,,,,,,,,,,,,,,,,,,,,,,,,,,,,,,,,,,,,,,,,,,,,,,,,,,,,,,,,,,,,,,,,,,,,,,,,,,,,
23047,<b>,3,4,1,<e>,<b>,3,1,<e>,<b>,3,1,<e>,<b>,3,1,<e>,<b>,3,1,<e>,<b>,5,3,1,<e>,<b>,3,1,<e>,<b>,3,1,<e>,<b>,3,1,<e>,,,,,,,,,,,,,,,,,,,,,,,,,,,,,,,,,,,,,,,,,,,,,,,,,,,,,,,,,,,,,,,,,,,,,,,,,,,,,,,,,,,,,,,,,,,,,,,,,,,,,,,,,,,,,,,,,,,,,,,,,,,,,,,,,,,,,,,,,,,,,,,,,,,,,,,,,,,,,,,,,,,,,,,,,,,,,,,,,,,,,,,,,,,,
23058,<b>,2,2,1,<e>,<b>,5,2,5,1,<e>,<b>,5,2,5,2,1,<e>,<b>,2,1,2,1,<e>,<b>,2,5,2,1,<e>,<b>,2,1,<e>,<b>,2,5,2,1,<e>,<b>,2,1,<e>,<b>,5,2,5,2,1,<e>,<b>,5,2,5,1,<e>,<b>,2,5,2,5,1,<e>,<b>,2,1,<e>,<b>,2,5,2,1,<e>,<b>,2,1,<e>,<b>,5,2,1,<e>,<b>,2,5,2,1,<e>,<b>,2,1,<e>,<b>,5,2,1,<e>,<b>,2,1,<e>,,,,,,,,,,,,,,,,,,,,,,,,,,,,,,,,,,,,,,,,,,,,,,,,,,,,,,,,,,,,,,,,,,,,,,,,,,,,,,,,,,,,,,,,,,,,,,,,,,,,,,,,,,,,,,,,,,,,,,,,,,,,
23059,<b>,3,1,2,1,<e>,<b>,3,1,<e>,<b>,3,5,1,<e>,<b>,3,1,<e>,<b>,3,1,<e>,<b>,3,1,<e>,<b>,4,1,<e>,<b>,2,1,<e>,<b>,3,2,1,<e>,<b>,5,1,<e>,<b>,2,1,<e>,<b>,3,2,1,<e>,<b>,3,2,1,<e>,<b>,3,5,1,<e>,<b>,5,3,1,<e>,<b>,3,5,3,2,1,2,5,1,<e>,<b>,3,2,1,<e>,<b>,3,1,<e>,<b>,2,1,3,1,<e>,<b>,5,2,1,<e>,,,,,,,,,,,,,,,,,,,,,,,,,,,,,,,,,,,,,,,,,,,,,,,,,,,,,,,,,,,,,,,,,,,,,,,,,,,,,,,,,,,,,,,,,,,,,,,,,,,,,,,,,,,,,,,,,,,,,,,,,,,,,,,,
23060,<b>,3,1,5,1,<e>,<b>,3,1,<e>,<b>,3,1,<e>,<b>,3,1,<e>,<b>,3,1,<e>,<b>,2,1,<e>,,,,,,,,,,,,,,,,,,,,,,,,,,,,,,,,,,,,,,,,,,,,,,,,,,,,,,,,,,,,,,,,,,,,,,,,,,,,,,,,,,,,,,,,,,,,,,,,,,,,,,,,,,,,,,,,,,,,,,,,,,,,,,,,,,,,,,,,,,,,,,,,,,,,,,,,,,,,,,,,,,,,,,,,,,,,,,,,,,,,,,,,,,,,,,,,,,,,,,,,
23062,<b>,3,2,1,<e>,<b>,3,5,1,<e>,<b>,3,1,<e>,<b>,3,1,<e>,<b>,3,1,<e>,<b>,3,5,1,<e>,<b>,3,1,<e>,<b>,3,5,1,<e>,<b>,5,1,<e>,<b>,5,1,<e>,<b>,3,1,<e>,<b>,3,1,<e>,<b>,3,1,<e>,<b>,3,5,1,<e>,<b>,3,5,1,<e>,<b>,3,1,<e>,<b>,5,1,<e>,<b>,3,1,<e>,,,,,,,,,,,,,,,,,,,,,,,,,,,,,,,,,,,,,,,,,,,,,,,,,,,,,,,,,,,,,,,,,,,,,,,,,,,,,,,,,,,,,,,,,,,,,,,,,,,,,,,,,,,,,,,,,,,,,,,,,,,,,,,,,,,,,,,,,,,,,,,,,,,,
23063,<b>,3,1,<e>,<b>,5,1,5,1,<e>,<b>,3,1,<e>,<b>,5,1,2,1,<e>,<b>,2,1,<e>,<b>,5,2,1,<e>,<b>,2,1,<e>,<b>,5,1,2,1,<e>,<b>,2,1,<e>,<b>,5,2,1,<e>,<b>,2,1,<e>,,,,,,,,,,,,,,,,,,,,,,,,,,,,,,,,,,,,,,,,,,,,,,,,,,,,,,,,,,,,,,,,,,,,,,,,,,,,,,,,,,,,,,,,,,,,,,,,,,,,,,,,,,,,,,,,,,,,,,,,,,,,,,,,,,,,,,,,,,,,,,,,,,,,,,,,,,,,,,,,,,,,,,,,,,,,,,
23064,<b>,3,2,3,1,<e>,<b>,3,1,<e>,<b>,3,1,<e>,<b>,4,2,3,2,1,<e>,<b>,3,4,1,<e>,<b>,3,2,3,2,1,<e>,<b>,3,2,3,1,<e>,<b>,3,1,<e>,<b>,3,1,<e>,<b>,3,1,<e>,<b>,3,1,<e>,<b>,4,2,1,<e>,<b>,2,3,1,<e>,<b>,2,1,2,1,<e>,<b>,2,3,2,1,<e>,<b>,3,2,3,2,1,<e>,<b>,3,2,3,2,1,<e>,<b>,3,1,<e>,<b>,3,1,<e>,<b>,3,1,<e>,<b>,3,1,<e>,<b>,4,3,1,<e>,<b>,3,2,4,1,<e>,<b>,3,1,<e>,<b>,3,2,1,<e>,<b>,2,3,1,<e>,<b>,3,1,<e>,,,,,,,,,,,,,,,,,,,,,,,,,,,,,,,,,,,,,,,,,,,,,,,,,,,,,,,,,,,,,,,,,,,,,,,,,,,,,,,,,,,,,,,,,,
23069,<b>,2,1,<e>,<b>,2,1,<e>,<b>,2,5,2,1,<e>,<b>,2,1,<e>,<b>,2,1,<e>,<b>,2,1,<e>,<b>,2,1,<e>,<b>,2,1,<e>,,,,,,,,,,,,,,,,,,,,,,,,,,,,,,,,,,,,,,,,,,,,,,,,,,,,,,,,,,,,,,,,,,,,,,,,,,,,,,,,,,,,,,,,,,,,,,,,,,,,,,,,,,,,,,,,,,,,,,,,,,,,,,,,,,,,,,,,,,,,,,,,,,,,,,,,,,,,,,,,,,,,,,,,,,,,,,,,,,,,,,,,,,,,,,,,
23070,<b>,2,1,2,1,<e>,<b>,2,1,2,1,<e>,<b>,2,1,2,1,<e>,<b>,2,1,2,1,<e>,<b>,2,1,2,1,<e>,,,,,,,,,,,,,,,,,,,,,,,,,,,,,,,,,,,,,,,,,,,,,,,,,,,,,,,,,,,,,,,,,,,,,,,,,,,,,,,,,,,,,,,,,,,,,,,,,,,,,,,,,,,,,,,,,,,,,,,,,,,,,,,,,,,,,,,,,,,,,,,,,,,,,,,,,,,,,,,,,,,,,,,,,,,,,,,,,,,,,,,,,,,,,,,,,,,,
23071,<b>,2,1,<e>,<b>,5,2,1,<e>,<b>,5,2,1,<e>,<b>,5,2,1,<e>,<b>,5,2,1,<e>,<b>,2,1,<e>,<b>,5,2,1,<e>,<b>,5,2,1,<e>,<b>,2,1,<e>,<b>,5,2,1,<e>,<b>,5,2,1,<e>,,,,,,,,,,,,,,,,,,,,,,,,,,,,,,,,,,,,,,,,,,,,,,,,,,,,,,,,,,,,,,,,,,,,,,,,,,,,,,,,,,,,,,,,,,,,,,,,,,,,,,,,,,,,,,,,,,,,,,,,,,,,,,,,,,,,,,,,,,,,,,,,,,,,,,,,,,,,,,,,,,,,,,,,,,,,,,
23073,<b>,3,1,<e>,<b>,3,2,1,<e>,<b>,3,1,<e>,<b>,3,2,1,<e>,<b>,2,1,<e>,<b>,2,1,<e>,<b>,3,1,<e>,<b>,3,1,<e>,<b>,3,1,<e>,<b>,2,1,<e>,<b>,2,1,<e>,<b>,3,1,<e>,<b>,3,1,<e>,<b>,3,1,<e>,<b>,3,1,<e>,<b>,3,1,<e>,<b>,3,1,<e>,<b>,3,2,1,<e>,<b>,3,1,<e>,,,,,,,,,,,,,,,,,,,,,,,,,,,,,,,,,,,,,,,,,,,,,,,,,,,,,,,,,,,,,,,,,,,,,,,,,,,,,,,,,,,,,,,,,,,,,,,,,,,,,,,,,,,,,,,,,,,,,,,,,,,,,,,,,,,,,,,,,,,,,,,,,,,
23076,<b>,5,2,1,<e>,<b>,4,2,3,1,<e>,<b>,5,2,1,<e>,<b>,2,1,<e>,,,,,,,,,,,,,,,,,,,,,,,,,,,,,,,,,,,,,,,,,,,,,,,,,,,,,,,,,,,,,,,,,,,,,,,,,,,,,,,,,,,,,,,,,,,,,,,,,,,,,,,,,,,,,,,,,,,,,,,,,,,,,,,,,,,,,,,,,,,,,,,,,,,,,,,,,,,,,,,,,,,,,,,,,,,,,,,,,,,,,,,,,,,,,,,,,,,,,,,,,,,,,,
23080,<b>,3,1,<e>,<b>,3,1,<e>,<b>,3,1,<e>,<b>,3,2,1,<e>,<b>,3,1,<e>,<b>,3,1,<e>,<b>,3,5,1,<e>,<b>,3,1,<e>,<b>,5,1,<e>,<b>,3,1,<e>,<b>,3,1,<e>,<b>,3,2,1,<e>,<b>,3,1,<e>,<b>,3,1,<e>,<b>,3,1,<e>,,,,,,,,,,,,,,,,,,,,,,,,,,,,,,,,,,,,,,,,,,,,,,,,,,,,,,,,,,,,,,,,,,,,,,,,,,,,,,,,,,,,,,,,,,,,,,,,,,,,,,,,,,,,,,,,,,,,,,,,,,,,,,,,,,,,,,,,,,,,,,,,,,,,,,,,,,,,,,,,,,,
23084,<b>,2,1,2,1,<e>,<b>,3,4,3,1,<e>,<b>,3,2,1,<e>,<b>,3,2,1,<e>,<b>,2,1,<e>,<b>,3,2,1,<e>,<b>,3,2,1,<e>,<b>,3,2,1,<e>,<b>,3,2,1,<e>,<b>,2,1,<e>,<b>,4,3,2,1,<e>,<b>,2,1,2,1,<e>,<b>,3,2,1,<e>,<b>,3,2,1,<e>,<b>,3,1,<e>,<b>,3,2,1,<e>,<b>,3,2,1,<e>,<b>,2,1,<e>,<b>,3,2,1,<e>,<b>,3,2,1,<e>,<b>,2,1,<e>,<b>,3,2,1,<e>,<b>,2,1,<e>,<b>,3,2,1,<e>,<b>,3,2,1,<e>,<b>,2,1,<e>,<b>,3,2,1,<e>,,,,,,,,,,,,,,,,,,,,,,,,,,,,,,,,,,,,,,,,,,,,,,,,,,,,,,,,,,,,,,,,,,,,,,,,,,,,,,,,,,,,,,,,,,,,,,
23086,<b>,2,1,<e>,<b>,3,1,<e>,<b>,3,1,<e>,<b>,3,1,<e>,<b>,2,1,<e>,<b>,3,1,<e>,<b>,3,1,<e>,<b>,4,1,<e>,<b>,3,1,<e>,<b>,2,1,<e>,<b>,2,1,<e>,,,,,,,,,,,,,,,,,,,,,,,,,,,,,,,,,,,,,,,,,,,,,,,,,,,,,,,,,,,,,,,,,,,,,,,,,,,,,,,,,,,,,,,,,,,,,,,,,,,,,,,,,,,,,,,,,,,,,,,,,,,,,,,,,,,,,,,,,,,,,,,,,,,,,,,,,,,,,,,,,,,,,,,,,,,,,,,,,,,,,,
23091,<b>,3,1,<e>,<b>,3,5,1,<e>,<b>,3,1,2,1,<e>,<b>,3,1,<e>,<b>,3,1,2,1,5,1,<e>,<b>,2,1,<e>,<b>,3,1,<e>,<b>,3,1,<e>,<b>,3,1,<e>,<b>,2,1,2,1,<e>,<b>,5,2,1,5,1,<e>,<b>,5,2,1,<e>,<b>,2,1,<e>,<b>,2,1,<e>,<b>,3,2,1,<e>,<b>,3,1,<e>,<b>,5,3,1,<e>,<b>,3,1,<e>,<b>,3,1,<e>,<b>,3,1,<e>,<b>,3,2,1,<e>,,,,,,,,,,,,,,,,,,,,,,,,,,,,,,,,,,,,,,,,,,,,,,,,,,,,,,,,,,,,,,,,,,,,,,,,,,,,,,,,,,,,,,,,,,,,,,,,,,,,,,,,,,,,,,,,,,,,,,,,,,,,,,
23092,<b>,3,1,<e>,<b>,3,1,<e>,<b>,3,2,1,<e>,<b>,3,1,<e>,<b>,3,1,<e>,<b>,3,1,<e>,<b>,3,1,<e>,<b>,3,1,<e>,<b>,3,1,<e>,<b>,2,1,<e>,<b>,2,1,<e>,<b>,2,1,<e>,<b>,2,1,<e>,<b>,2,1,<e>,<b>,2,1,<e>,,,,,,,,,,,,,,,,,,,,,,,,,,,,,,,,,,,,,,,,,,,,,,,,,,,,,,,,,,,,,,,,,,,,,,,,,,,,,,,,,,,,,,,,,,,,,,,,,,,,,,,,,,,,,,,,,,,,,,,,,,,,,,,,,,,,,,,,,,,,,,,,,,,,,,,,,,,,,,,,,,,,,
23093,<b>,3,1,<e>,<b>,3,2,1,<e>,<b>,3,2,1,2,1,<e>,<b>,3,1,<e>,<b>,2,1,2,1,2,1,<e>,<b>,3,2,1,<e>,<b>,3,1,<e>,<b>,3,2,1,<e>,<b>,3,2,5,1,<e>,<b>,3,2,1,<e>,<b>,2,1,2,1,<e>,<b>,2,1,2,1,<e>,<b>,3,4,3,2,5,1,<e>,<b>,2,1,2,1,<e>,,,,,,,,,,,,,,,,,,,,,,,,,,,,,,,,,,,,,,,,,,,,,,,,,,,,,,,,,,,,,,,,,,,,,,,,,,,,,,,,,,,,,,,,,,,,,,,,,,,,,,,,,,,,,,,,,,,,,,,,,,,,,,,,,,,,,,,,,,,,,,,,,,,
23095,<b>,3,2,1,<e>,<b>,3,2,1,<e>,<b>,2,1,<e>,<b>,2,1,<e>,<b>,2,1,<e>,<b>,5,3,2,1,<e>,<b>,2,1,<e>,,,,,,,,,,,,,,,,,,,,,,,,,,,,,,,,,,,,,,,,,,,,,,,,,,,,,,,,,,,,,,,,,,,,,,,,,,,,,,,,,,,,,,,,,,,,,,,,,,,,,,,,,,,,,,,,,,,,,,,,,,,,,,,,,,,,,,,,,,,,,,,,,,,,,,,,,,,,,,,,,,,,,,,,,,,,,,,,,,,,,,,,,,,,,,,,,,
23096,<b>,3,1,1,<e>,<b>,3,1,<e>,<b>,3,1,<e>,<b>,5,1,<e>,<b>,3,1,<e>,<b>,4,1,<e>,<b>,3,1,<e>,<b>,3,1,<e>,<b>,3,1,<e>,<b>,3,1,<e>,<b>,3,1,<e>,<b>,3,5,1,<e>,<b>,3,1,<e>,<b>,3,2,1,<e>,<b>,3,1,<e>,<b>,3,1,<e>,<b>,3,1,<e>,<b>,3,1,<e>,<b>,3,1,<e>,<b>,3,1,<e>,,,,,,,,,,,,,,,,,,,,,,,,,,,,,,,,,,,,,,,,,,,,,,,,,,,,,,,,,,,,,,,,,,,,,,,,,,,,,,,,,,,,,,,,,,,,,,,,,,,,,,,,,,,,,,,,,,,,,,,,,,,,,,,,,,,,,,,,,,,,,,,
23099,<b>,3,4,5,1,<e>,<b>,3,1,<e>,<b>,3,1,<e>,<b>,3,2,4,1,<e>,<b>,5,2,1,<e>,<b>,3,5,4,1,<e>,<b>,3,2,1,<e>,<b>,3,2,4,1,<e>,<b>,5,2,1,<e>,<b>,2,1,<e>,<b>,3,4,2,1,<e>,<b>,3,2,1,<e>,<b>,5,2,1,<e>,,,,,,,,,,,,,,,,,,,,,,,,,,,,,,,,,,,,,,,,,,,,,,,,,,,,,,,,,,,,,,,,,,,,,,,,,,,,,,,,,,,,,,,,,,,,,,,,,,,,,,,,,,,,,,,,,,,,,,,,,,,,,,,,,,,,,,,,,,,,,,,,,,,,,,,,,,,,,,,
23103,<b>,3,1,<e>,<b>,2,1,<e>,<b>,3,4,2,1,<e>,<b>,3,1,2,1,<e>,<b>,3,1,<e>,<b>,5,1,<e>,<b>,3,1,<e>,<b>,3,1,<e>,<b>,2,1,<e>,<b>,2,1,<e>,<b>,2,1,<e>,<b>,2,1,<e>,<b>,3,1,<e>,<b>,3,1,<e>,<b>,5,2,1,<e>,<b>,2,1,<e>,,,,,,,,,,,,,,,,,,,,,,,,,,,,,,,,,,,,,,,,,,,,,,,,,,,,,,,,,,,,,,,,,,,,,,,,,,,,,,,,,,,,,,,,,,,,,,,,,,,,,,,,,,,,,,,,,,,,,,,,,,,,,,,,,,,,,,,,,,,,,,,,,,,,,,,,,,,,,
23105,<b>,3,1,<e>,<b>,3,1,<e>,<b>,3,1,<e>,<b>,3,1,<e>,<b>,3,1,<e>,<b>,3,1,<e>,<b>,3,1,<e>,<b>,3,1,<e>,<b>,3,1,<e>,<b>,3,1,<e>,<b>,5,1,<e>,<b>,3,1,<e>,<b>,3,2,3,1,<e>,<b>,3,1,<e>,<b>,3,1,2,1,<e>,<b>,3,1,<e>,<b>,3,2,3,1,<e>,<b>,3,4,2,1,2,1,<e>,<b>,3,1,<e>,<b>,3,1,<e>,,,,,,,,,,,,,,,,,,,,,,,,,,,,,,,,,,,,,,,,,,,,,,,,,,,,,,,,,,,,,,,,,,,,,,,,,,,,,,,,,,,,,,,,,,,,,,,,,,,,,,,,,,,,,,,,,,,,,,,,,,,,,,,,,,,,,,,,
23107,<b>,3,2,3,1,<e>,<b>,3,1,<e>,<b>,3,2,3,2,3,1,<e>,<b>,3,2,1,<e>,<b>,3,2,3,2,3,1,<e>,<b>,3,2,3,2,1,<e>,<b>,3,2,3,1,<e>,<b>,3,2,3,1,<e>,<b>,3,2,3,1,<e>,<b>,3,2,1,<e>,<b>,2,1,<e>,<b>,5,2,5,2,1,<e>,<b>,2,1,<e>,<b>,3,2,3,2,3,1,<e>,<b>,3,2,3,2,3,1,<e>,<b>,3,2,3,2,3,1,<e>,<b>,3,2,3,2,3,1,<e>,<b>,3,2,3,1,<e>,<b>,3,2,3,2,3,1,<e>,<b>,3,2,3,1.0,<e>,<b>,3,2,3,1,<e>,<b>,5,2,1.0,<e>,<b>,5,2,2.0,1.0,<e>,<b>,3,2,3,1,<e>,,,,,,,,,,,,,,,,,,,,,,,,,,,,,,,,,,,,,,,,,,,,,,,,,,,,,,,,,,,,,,,,,,,,,,,,,,,
23108,<b>,4,1,2,1,<e>,<b>,5,1,<e>,<b>,4,3,2,1,<e>,<b>,4,5,1,<e>,<b>,3,2,1,<e>,<b>,2,1,<e>,<b>,3,2,1,<e>,<b>,3,5,2,1,<e>,<b>,4,2,1,<e>,<b>,4,3,1,<e>,<b>,5,2,1,<e>,<b>,5,2,1,<e>,<b>,2,1,<e>,<b>,2,1,<e>,<b>,2,1,<e>,<b>,3,1,<e>,<b>,3,2,1,<e>,<b>,3,2,1,<e>,<b>,3,1,<e>,<b>,3,1,<e>,<b>,5,3,1,<e>,<b>,3,1,<e>,<b>,3,2,1,<e>,<b>,3,2,1,<e>,<b>,2,1,2,1,<e>,<b>,5,2,1,<e>,,,,,,,,,,,,,,,,,,,,,,,,,,,,,,,,,,,,,,,,,,,,,,,,,,,,,,,,,,,,,,,,,,,,,,,,,,,,,,,,,,,,,,,,,,,,,,,,,,,,,
23113,<b>,3,1,<e>,<b>,3,1,<e>,<b>,3,1,<e>,<b>,3,1,<e>,<b>,3,1,<e>,<b>,3,1,<e>,<b>,3,1,<e>,<b>,5,3,1,<e>,<b>,3,1,<e>,<b>,3,1,<e>,<b>,3,1,<e>,<b>,3,1,<e>,<b>,3,1,<e>,<b>,3,1,<e>,<b>,3,2,1,<e>,<b>,3,2,1,<e>,<b>,3,5,2,1,<e>,<b>,3,1,<e>,<b>,2,3,1,<e>,<b>,3,5,1,<e>,<b>,3,1,<e>,<b>,3,1,<e>,<b>,3,5,1,<e>,<b>,4,1,<e>,<b>,4,1,<e>,,,,,,,,,,,,,,,,,,,,,,,,,,,,,,,,,,,,,,,,,,,,,,,,,,,,,,,,,,,,,,,,,,,,,,,,,,,,,,,,,,,,,,,,,,,,,,,,,,,,,,,,,,,,,,,,,,,,,,
23114,<b>,2,3,2,3,2,1,<e>,<b>,2,3,2,1,<e>,<b>,2,1,<e>,<b>,2,1,<e>,<b>,3,2,1,<e>,<b>,2,1,<e>,<b>,2,1,<e>,<b>,2,1,<e>,<b>,2,1,<e>,,,,,,,,,,,,,,,,,,,,,,,,,,,,,,,,,,,,,,,,,,,,,,,,,,,,,,,,,,,,,,,,,,,,,,,,,,,,,,,,,,,,,,,,,,,,,,,,,,,,,,,,,,,,,,,,,,,,,,,,,,,,,,,,,,,,,,,,,,,,,,,,,,,,,,,,,,,,,,,,,,,,,,,,,,,,,,,,,,,,,,,
23122,<b>,3,4,1,<e>,<b>,3,4,3,1,<e>,<b>,5,1,<e>,<b>,3,1,<e>,<b>,5,1,<e>,<b>,3,4,3,1,<e>,<b>,3,1,<e>,<b>,5,4,3,4,3,2,1,<e>,<b>,3,2,3,1,<e>,<b>,3,2,4,3,1,<e>,<b>,5,1,<e>,<b>,3,4,3,1,<e>,<b>,3,2,1,<e>,<b>,3,4,3,1,<e>,<b>,3,2,1,<e>,<b>,5,1,<e>,,,,,,,,,,,,,,,,,,,,,,,,,,,,,,,,,,,,,,,,,,,,,,,,,,,,,,,,,,,,,,,,,,,,,,,,,,,,,,,,,,,,,,,,,,,,,,,,,,,,,,,,,,,,,,,,,,,,,,,,,,,,,,,,,,,,,,,,,,,,,
23123,<b>,3,1,<e>,<b>,3,1,<e>,<b>,3,1,<e>,<b>,3,1,<e>,<b>,3,5,1,<e>,<b>,5,1,<e>,<b>,3,1,<e>,<b>,3,1,<e>,<b>,3,1,<e>,<b>,2,1,<e>,<b>,2,1,<e>,,,,,,,,,,,,,,,,,,,,,,,,,,,,,,,,,,,,,,,,,,,,,,,,,,,,,,,,,,,,,,,,,,,,,,,,,,,,,,,,,,,,,,,,,,,,,,,,,,,,,,,,,,,,,,,,,,,,,,,,,,,,,,,,,,,,,,,,,,,,,,,,,,,,,,,,,,,,,,,,,,,,,,,,,,,,,,,,,,,,,
23126,<b>,3,1,<e>,<b>,3,2,3,1,<e>,<b>,3,1,<e>,<b>,3,1,<e>,<b>,5,1,<e>,<b>,3,1,<e>,<b>,3,1,<e>,<b>,3,1,<e>,<b>,2,1,<e>,<b>,5,1,<e>,<b>,5,1,<e>,<b>,3,5,1,<e>,<b>,3,2,1,<e>,<b>,3,2,1,<e>,<b>,3,1,<e>,<b>,3,1,<e>,<b>,3,5,1,<e>,<b>,2,1,<e>,<b>,3,1,<e>,,,,,,,,,,,,,,,,,,,,,,,,,,,,,,,,,,,,,,,,,,,,,,,,,,,,,,,,,,,,,,,,,,,,,,,,,,,,,,,,,,,,,,,,,,,,,,,,,,,,,,,,,,,,,,,,,,,,,,,,,,,,,,,,,,,,,,,,,,,,,,,,
23128,<b>,3,2,1,<e>,<b>,3,2,1,<e>,<b>,3,2,1,<e>,<b>,3,2,1,<e>,<b>,3,1,3,1,<e>,<b>,5,1,2,1,<e>,<b>,2,1,2,1,2,1,<e>,<b>,3,2,3,1,<e>,<b>,3,2,3,1,<e>,<b>,3,2,3,2,1,<e>,<b>,3,1,5,1,<e>,<b>,5,1,5,2,1,<e>,<b>,2,1,<e>,,,,,,,,,,,,,,,,,,,,,,,,,,,,,,,,,,,,,,,,,,,,,,,,,,,,,,,,,,,,,,,,,,,,,,,,,,,,,,,,,,,,,,,,,,,,,,,,,,,,,,,,,,,,,,,,,,,,,,,,,,,,,,,,,,,,,,,,,,,,,,,,,,,,,,
23129,<b>,2,1,<e>,<b>,2,1,5,1,<e>,<b>,5,2,1,5,1,5,1,<e>,<b>,3,1,<e>,<b>,2,1,<e>,<b>,2,1,<e>,<b>,2,5,1,<e>,<b>,3,1,<e>,<b>,2,1,<e>,<b>,2,1,<e>,<b>,2,1,<e>,<b>,2,1,<e>,<b>,3,1,<e>,<b>,2,1,<e>,<b>,2,1,<e>,<b>,3,1,<e>,<b>,2,1,<e>,<b>,2,1,<e>,<b>,5,2,1,<e>,,,,,,,,,,,,,,,,,,,,,,,,,,,,,,,,,,,,,,,,,,,,,,,,,,,,,,,,,,,,,,,,,,,,,,,,,,,,,,,,,,,,,,,,,,,,,,,,,,,,,,,,,,,,,,,,,,,,,,,,,,,,,,,,,,,,,,,,,,,,,
23132,<b>,3,1,<e>,<b>,3,1,<e>,<b>,3,1,<e>,<b>,3,1,<e>,<b>,3,1,<e>,<b>,2,1,<e>,<b>,3,1,<e>,<b>,5,3,1,<e>,<b>,3,1,<e>,<b>,3,1,<e>,<b>,3,1,<e>,<b>,3,1,<e>,<b>,3,1,<e>,<b>,3,1,<e>,<b>,3,1,<e>,<b>,3,1,<e>,<b>,3,1,<e>,,,,,,,,,,,,,,,,,,,,,,,,,,,,,,,,,,,,,,,,,,,,,,,,,,,,,,,,,,,,,,,,,,,,,,,,,,,,,,,,,,,,,,,,,,,,,,,,,,,,,,,,,,,,,,,,,,,,,,,,,,,,,,,,,,,,,,,,,,,,,,,,,,,,,,,,,,,,,
23133,<b>,5,1,2,1,<e>,<b>,2,1,<e>,<b>,5,1,<e>,<b>,2,1,<e>,<b>,5,1,<e>,<b>,2,1,<e>,<b>,2,1,<e>,<b>,2,1,<e>,<b>,2,1,<e>,<b>,5,1,<e>,<b>,5,1,<e>,<b>,4,1,<e>,<b>,4,1,<e>,<b>,2,1,<e>,<b>,5,1,<e>,<b>,2,1,<e>,,,,,,,,,,,,,,,,,,,,,,,,,,,,,,,,,,,,,,,,,,,,,,,,,,,,,,,,,,,,,,,,,,,,,,,,,,,,,,,,,,,,,,,,,,,,,,,,,,,,,,,,,,,,,,,,,,,,,,,,,,,,,,,,,,,,,,,,,,,,,,,,,,,,,,,,,,,,,,,,
23134,<b>,5,2,1,<e>,<b>,2,1,<e>,<b>,5,2,1,<e>,<b>,5,2,5,1,<e>,<b>,2,1,<e>,<b>,5,2,1,<e>,<b>,2,1,<e>,<b>,5,2,1,<e>,<b>,5,2,1,<e>,<b>,2,1,<e>,<b>,2,1,<e>,<b>,2,1,<e>,<b>,5,2,1,<e>,<b>,5,2,1,<e>,<b>,2,1,<e>,<b>,5,2,1,<e>,<b>,2,1,<e>,<b>,2,1,<e>,,,,,,,,,,,,,,,,,,,,,,,,,,,,,,,,,,,,,,,,,,,,,,,,,,,,,,,,,,,,,,,,,,,,,,,,,,,,,,,,,,,,,,,,,,,,,,,,,,,,,,,,,,,,,,,,,,,,,,,,,,,,,,,,,,,,,,,,,,,,,,,,
23138,<b>,2,1,2,1,<e>,<b>,2,1,<e>,<b>,2,1,2,1,5,1,<e>,<b>,2,1,5,1,5,1,<e>,<b>,5,1,<e>,<b>,2,1,5,1,<e>,<b>,2,1,5,1,<e>,<b>,2,1,<e>,<b>,2,1,5,1,<e>,<b>,2,1,2,1,5,1,<e>,<b>,2,1,<e>,<b>,5,2,1,<e>,<b>,5,2,1,<e>,<b>,5,1,5,1,<e>,<b>,2,1,5,1,5,1,<e>,<b>,2,1,2,1,5,2,1,5,1,<e>,<b>,2,1,5,2,1,5,1,<e>,<b>,2,1,5,1,<e>,<b>,2,1,<e>,<b>,2,1,<e>,<b>,2,1,5,1,2,1,<e>,<b>,2,1,<e>,<b>,2,1,<e>,<b>,2,1,2,1,<e>,,,,,,,,,,,,,,,,,,,,,,,,,,,,,,,,,,,,,,,,,,,,,,,,,,,,,,,,,,,,,,,,,,,,,,,,,,,,,,,,,,
23140,<b>,3,2,3,1,<e>,<b>,3,1,<e>,<b>,3,2,3,1,<e>,<b>,2,1,<e>,<b>,3,1,<e>,<b>,3,1,<e>,<b>,2,1,<e>,<b>,2,1,<e>,<b>,2,5,1,<e>,<b>,3,1,<e>,<b>,3,2,1,<e>,<b>,5,2,1,<e>,,,,,,,,,,,,,,,,,,,,,,,,,,,,,,,,,,,,,,,,,,,,,,,,,,,,,,,,,,,,,,,,,,,,,,,,,,,,,,,,,,,,,,,,,,,,,,,,,,,,,,,,,,,,,,,,,,,,,,,,,,,,,,,,,,,,,,,,,,,,,,,,,,,,,,,,,,,,,,,,,,,,,,,,,,,
23141,<b>,3,1,<e>,<b>,3,2,1,<e>,<b>,3,1,<e>,<b>,3,1,<e>,<b>,3,1,<e>,<b>,2,1,<e>,<b>,3,1,<e>,<b>,3,1,<e>,<b>,3,1,<e>,<b>,3,5,1,<e>,<b>,3,1,<e>,<b>,5,1,2,1,<e>,<b>,5,1,5,1,<e>,<b>,2,1,<e>,<b>,2,1,<e>,<b>,3,1,<e>,<b>,3,1,<e>,<b>,2,1,5,1,<e>,<b>,3,2,1,<e>,<b>,3,2,5,1,<e>,<b>,3,2,1,<e>,<b>,3,1,<e>,<b>,3,1,<e>,<b>,2,1,<e>,<b>,3,2,1,<e>,,,,,,,,,,,,,,,,,,,,,,,,,,,,,,,,,,,,,,,,,,,,,,,,,,,,,,,,,,,,,,,,,,,,,,,,,,,,,,,,,,,,,,,,,,,,,,,,,,,,,,,,,,,,,,,,,
23143,<b>,2,5,1,5,1,<e>,<b>,2,5,1,2,1,<e>,<b>,2,1,5,1,<e>,<b>,2,5,1,<e>,<b>,2,1,5,2,1,<e>,<b>,2,1,<e>,<b>,5,1,<e>,<b>,2,1,2,1,<e>,<b>,2,5,1,<e>,<b>,2,5,1,5,1,<e>,<b>,2,1,5,1,<e>,<b>,2,1,2,1,<e>,<b>,2,5,1,<e>,<b>,2,1,5,1,<e>,<b>,2,5,1,2,1,<e>,<b>,2,5,1,5,1,<e>,<b>,2,1,2,1,<e>,<b>,2,1,5,1,<e>,<b>,2,5,1,2,1,<e>,,,,,,,,,,,,,,,,,,,,,,,,,,,,,,,,,,,,,,,,,,,,,,,,,,,,,,,,,,,,,,,,,,,,,,,,,,,,,,,,,,,,,,,,,,,,,,,,,,,,,,,,,,,,,,,,
23144,<b>,3,1,<e>,<b>,3,1,<e>,<b>,3,1,<e>,<b>,3,1,<e>,<b>,3,1,<e>,<b>,3,1,<e>,<b>,3,1,<e>,<b>,3,1,<e>,<b>,3,1,<e>,<b>,2,1,<e>,<b>,3,1,<e>,<b>,3,1,<e>,<b>,3,1,<e>,,,,,,,,,,,,,,,,,,,,,,,,,,,,,,,,,,,,,,,,,,,,,,,,,,,,,,,,,,,,,,,,,,,,,,,,,,,,,,,,,,,,,,,,,,,,,,,,,,,,,,,,,,,,,,,,,,,,,,,,,,,,,,,,,,,,,,,,,,,,,,,,,,,,,,,,,,,,,,,,,,,,,,,,,,,,,,
23147,<b>,3,1,<e>,<b>,3,1,<e>,<b>,3,1,<e>,<b>,3,2,1,<e>,<b>,3,2,1,<e>,<b>,2,1,<e>,<b>,2,1,<e>,<b>,2,3,1,<e>,<b>,2,3,1,<e>,<b>,3,1,<e>,<b>,3,1,<e>,<b>,2,1,<e>,<b>,2,1,<e>,<b>,2,1,<e>,<b>,3,1,<e>,<b>,3,1,<e>,<b>,3,1,<e>,<b>,3,2,1,<e>,<b>,3,1,<e>,<b>,3,1,<e>,<b>,3,1,<e>,<b>,3,1,<e>,,,,,,,,,,,,,,,,,,,,,,,,,,,,,,,,,,,,,,,,,,,,,,,,,,,,,,,,,,,,,,,,,,,,,,,,,,,,,,,,,,,,,,,,,,,,,,,,,,,,,,,,,,,,,,,,,,,,,,,,,,,,,,,,,,,,,
23148,<b>,3,1,<e>,<b>,3,1,<e>,<b>,3,1,<e>,<b>,3,2,3,1,<e>,<b>,3,1,<e>,<b>,2,3,1,<e>,<b>,3,1,<e>,<b>,3,1,<e>,<b>,5,3,1,<e>,<b>,3,1,<e>,<b>,3,1,<e>,<b>,3,1,<e>,<b>,2,1,<e>,<b>,2,1,<e>,<b>,3,1,<e>,<b>,3,2,1,<e>,<b>,2,1,<e>,<b>,3,1,<e>,<b>,3,1,<e>,<b>,3,1,<e>,<b>,3,1,<e>,<b>,3,1,<e>,<b>,3,1,<e>,<b>,3,1,<e>,<b>,5,2,1,<e>,<b>,2,1,<e>,<b>,3,1,<e>,,,,,,,,,,,,,,,,,,,,,,,,,,,,,,,,,,,,,,,,,,,,,,,,,,,,,,,,,,,,,,,,,,,,,,,,,,,,,,,,,,,,,,,,,,,,,,,,,,,,,,,,,,,,,,,,
23155,<b>,3,1,<e>,<b>,3,1,<e>,<b>,2,1,<e>,<b>,3,1,<e>,<b>,3,2,3,1,<e>,<b>,3,5,1,<e>,<b>,3,1,<e>,<b>,4,5,1,<e>,<b>,3,2,1,<e>,<b>,3,1,<e>,<b>,3,1,<e>,<b>,3,1,<e>,<b>,3,1,<e>,<b>,3,2,1,<e>,<b>,3,1,<e>,<b>,3,1,<e>,<b>,3,1,<e>,<b>,3,2,1,<e>,<b>,3,1,<e>,<b>,3,1,<e>,,,,,,,,,,,,,,,,,,,,,,,,,,,,,,,,,,,,,,,,,,,,,,,,,,,,,,,,,,,,,,,,,,,,,,,,,,,,,,,,,,,,,,,,,,,,,,,,,,,,,,,,,,,,,,,,,,,,,,,,,,,,,,,,,,,,,,,,,,,
23156,<b>,3,1,2,1,<e>,<b>,3,5,1,<e>,<b>,3,5,2,1,<e>,<b>,3,1,2,1,<e>,<b>,3,5,1,<e>,<b>,3,5,1,<e>,<b>,3,5,1,<e>,<b>,3,5,1,<e>,<b>,3,1,<e>,<b>,3,1,<e>,<b>,3,5,1,<e>,<b>,5,2,1,<e>,<b>,5,2,1,<e>,<b>,5,2,1,<e>,<b>,3,1,<e>,<b>,5,1,<e>,<b>,3,5,2,1,<e>,<b>,3,1,<e>,<b>,3,5,1,<e>,<b>,3,5,1,<e>,<b>,3,1,<e>,<b>,3,1,<e>,<b>,3,2,1,<e>,<b>,3,1,<e>,,,,,,,,,,,,,,,,,,,,,,,,,,,,,,,,,,,,,,,,,,,,,,,,,,,,,,,,,,,,,,,,,,,,,,,,,,,,,,,,,,,,,,,,,,,,,,,,,,,,,,,,,,,,,,
23158,<b>,3,1,<e>,<b>,3,1,<e>,<b>,3,1,<e>,<b>,3,1,<e>,<b>,3,1,<e>,<b>,5,1,<e>,<b>,3,2,1,<e>,<b>,3,2,1,<e>,<b>,3,1,<e>,<b>,5,1,5,1,<e>,<b>,2,1,<e>,<b>,5,3,2,1,<e>,<b>,2,1,<e>,<b>,3,1,<e>,<b>,3,1,<e>,<b>,3,1,<e>,<b>,5,2,1,<e>,<b>,2,1,<e>,<b>,3,2,3,1,<e>,,,,,,,,,,,,,,,,,,,,,,,,,,,,,,,,,,,,,,,,,,,,,,,,,,,,,,,,,,,,,,,,,,,,,,,,,,,,,,,,,,,,,,,,,,,,,,,,,,,,,,,,,,,,,,,,,,,,,,,,,,,,,,,,,,,,,,,,,,,,,
23162,<b>,3,1,<e>,<b>,3,1,<e>,<b>,3,1,<e>,<b>,3,2,1,<e>,<b>,3,2,1,<e>,<b>,3,1,<e>,<b>,3,1,<e>,<b>,3,1,<e>,<b>,3,2,1,<e>,<b>,2,1,<e>,<b>,3,1,<e>,<b>,3,2,1,<e>,<b>,3,1,<e>,<b>,3,1,<e>,<b>,3,1,<e>,<b>,4,1,<e>,<b>,3,1,<e>,,,,,,,,,,,,,,,,,,,,,,,,,,,,,,,,,,,,,,,,,,,,,,,,,,,,,,,,,,,,,,,,,,,,,,,,,,,,,,,,,,,,,,,,,,,,,,,,,,,,,,,,,,,,,,,,,,,,,,,,,,,,,,,,,,,,,,,,,,,,,,,,,,,,,,,,,,
23163,<b>,2,1,<e>,<b>,5,2,1,<e>,<b>,2,1,<e>,<b>,2,1,<e>,<b>,5,2,1,<e>,<b>,2,1,<e>,<b>,5,2,1,<e>,<b>,5,1,<e>,<b>,2,1,<e>,<b>,2,1,<e>,<b>,2,1,<e>,<b>,5,2,1,<e>,,,,,,,,,,,,,,,,,,,,,,,,,,,,,,,,,,,,,,,,,,,,,,,,,,,,,,,,,,,,,,,,,,,,,,,,,,,,,,,,,,,,,,,,,,,,,,,,,,,,,,,,,,,,,,,,,,,,,,,,,,,,,,,,,,,,,,,,,,,,,,,,,,,,,,,,,,,,,,,,,,,,,,,,,,,,,,
23168,<b>,3,2,1,<e>,,,,,,,,,,,,,,,,,,,,,,,,,,,,,,,,,,,,,,,,,,,,,,,,,,,,,,,,,,,,,,,,,,,,,,,,,,,,,,,,,,,,,,,,,,,,,,,,,,,,,,,,,,,,,,,,,,,,,,,,,,,,,,,,,,,,,,,,,,,,,,,,,,,,,,,,,,,,,,,,,,,,,,,,,,,,,,,,,,,,,,,,,,,,,,,,,,,,,,,,,,,,,,,,,,,,,,,,,,,,,
23169,<b>,2,2,1,<e>,<b>,3,1,<e>,<b>,3,1,<e>,<b>,3,2,1,<e>,<b>,2,1,<e>,<b>,2,1,<e>,<b>,3,2,1,<e>,<b>,3,2,1,<e>,<b>,3,1,<e>,<b>,5,2,5,2,1,<e>,<b>,3,2,1,<e>,<b>,2,1,<e>,<b>,2,1,<e>,<b>,2,1,<e>,<b>,2,1,<e>,<b>,2,1,<e>,<b>,3,2,1,<e>,<b>,3,1,<e>,<b>,3,2,1,<e>,<b>,3,2,1,<e>,<b>,3,2,1,<e>,<b>,2,1,<e>,<b>,3,2,1,<e>,<b>,2,1,<e>,<b>,2,1,<e>,<b>,3,2,1,<e>,,,,,,,,,,,,,,,,,,,,,,,,,,,,,,,,,,,,,,,,,,,,,,,,,,,,,,,,,,,,,,,,,,,,,,,,,,,,,,,,,,,,,,,,,,,,,,,,,,,,,,,,,,,,
23171,<b>,3,2,3,2,5,1,<e>,<b>,3,2,3,5,1,<e>,<b>,3,2,3,2,5,1,<e>,<b>,3,2,3,2,5,1,<e>,<b>,3,2,3,2,5,2,1,<e>,<b>,2,1,<e>,<b>,2,1,<e>,<b>,3,2,3,2,1,<e>,<b>,3,2,3,2,1,<e>,<b>,3,2,3,2,1,<e>,<b>,3,2,3,4,2,1,<e>,<b>,4,5,4,2,1,<e>,<b>,5,2,5,1,<e>,<b>,2,1,<e>,<b>,2,1,<e>,<b>,2,1,<e>,<b>,3,2,3,2,1,<e>,<b>,3,2,3,4,2,1,<e>,<b>,3,2.0,3.0,2,1,<e>,<b>,4,2,3,2,1.0,<e>,<b>,3,2,3,2.0,1,<e>,<b>,3,2,3,2,1.0,<e>,<b>,3,2,3,2.0,1.0,<e>,<b>,3,2,1,<e>,<b>,2.0,2,2.0,1.0,<e>,<b>,2,2.0,1.0,<e>,<b>,3.0,2.0,3.0,2.0,1.0,<e>,,,,,,,,,,,,,,,,,,,,,,,,,,,,,,,,,,,,,,,,,,,,,,,,,,,
23173,<b>,3,1,<e>,<b>,2,1,<e>,,,,,,,,,,,,,,,,,,,,,,,,,,,,,,,,,,,,,,,,,,,,,,,,,,,,,,,,,,,,,,,,,,,,,,,,,,,,,,,,,,,,,,,,,,,,,,,,,,,,,,,,,,,,,,,,,,,,,,,,,,,,,,,,,,,,,,,,,,,,,,,,,,,,,,,,,,,,,,,,,,,,,,,,,,,,,,,,,,,,,,,,,,,,,,,,,,,,,,,,,,,,,,,,,,,,,,,,,,
23176,<b>,3,1,<e>,<b>,3,2,1,<e>,<b>,3,1,<e>,<b>,3,1,<e>,<b>,3,2,1,2,1,<e>,<b>,5,1,<e>,<b>,4,2,1,<e>,<b>,3,1,<e>,<b>,3,2,1,<e>,<b>,5,2,1,<e>,<b>,2,1,<e>,<b>,2,1,<e>,<b>,3,2,1,2,1,<e>,,,,,,,,,,,,,,,,,,,,,,,,,,,,,,,,,,,,,,,,,,,,,,,,,,,,,,,,,,,,,,,,,,,,,,,,,,,,,,,,,,,,,,,,,,,,,,,,,,,,,,,,,,,,,,,,,,,,,,,,,,,,,,,,,,,,,,,,,,,,,,,,,,,,,,,,,,,,,,,,,,,,
23177,<b>,3,5,1,<e>,<b>,3,1,<e>,<b>,3,5,1,<e>,<b>,5,1,2,5,1,<e>,<b>,3,1,<e>,<b>,3,1,5,2,1,<e>,<b>,3,2,1,2,1,<e>,<b>,3,1,<e>,<b>,3,1,<e>,<b>,3,5,1,<e>,<b>,5,1,5,1,<e>,<b>,3,2,1,<e>,<b>,3,1,2,5,1,<e>,<b>,3,5,1,<e>,<b>,3,5,1,<e>,<b>,3,1,<e>,<b>,3,1,<e>,<b>,5,2,1,<e>,<b>,3,1,<e>,<b>,3,1,<e>,<b>,3,1,<e>,<b>,3,1,<e>,<b>,3,5,1,<e>,<b>,5,1,<e>,<b>,3,1,<e>,<b>,3,1,<e>,<b>,3,1,<e>,,,,,,,,,,,,,,,,,,,,,,,,,,,,,,,,,,,,,,,,,,,,,,,,,,,,,,,,,,,,,,,,,,,,,,,,,,,,,,,,,,,,,,,,,,,,,,,,
23179,<b>,3,1,<e>,<b>,3,1,<e>,<b>,4,3,1,<e>,<b>,3,1,<e>,<b>,4,3,1,<e>,<b>,3,1,<e>,<b>,3,1,<e>,<b>,4,3,1,<e>,<b>,3,1,<e>,<b>,4,3,1,<e>,<b>,5,4,1,<e>,<b>,5,2,1,4,1,<e>,<b>,2,1,<e>,<b>,2,1,<e>,<b>,3,1,<e>,<b>,4,3,1,<e>,<b>,3,1,<e>,<b>,4,3,1,<e>,<b>,3,1,<e>,<b>,4,3,1,<e>,<b>,3,1,<e>,<b>,4,3,1,<e>,<b>,4,1,<e>,<b>,5,2,1,<e>,<b>,4,3,1,<e>,,,,,,,,,,,,,,,,,,,,,,,,,,,,,,,,,,,,,,,,,,,,,,,,,,,,,,,,,,,,,,,,,,,,,,,,,,,,,,,,,,,,,,,,,,,,,,,,,,,,,,,,,,,,,,,,
23180,<b>,3,1,<e>,<b>,2,1,<e>,<b>,3,1,<e>,<b>,3,1,<e>,<b>,3,1,<e>,<b>,3,1,<e>,<b>,5,3,1,<e>,<b>,3,1,<e>,<b>,3,1,<e>,<b>,3,1,<e>,<b>,2,1,<e>,<b>,3,1,<e>,<b>,3,1,<e>,<b>,3,1,<e>,<b>,3,1,<e>,<b>,3,1,<e>,<b>,3,1,<e>,<b>,3,1,<e>,<b>,2,1,<e>,<b>,3,1,<e>,,,,,,,,,,,,,,,,,,,,,,,,,,,,,,,,,,,,,,,,,,,,,,,,,,,,,,,,,,,,,,,,,,,,,,,,,,,,,,,,,,,,,,,,,,,,,,,,,,,,,,,,,,,,,,,,,,,,,,,,,,,,,,,,,,,,,,,,,,,,,,,,,
23182,<b>,2,1,<e>,<b>,2,1,<e>,<b>,4,1,<e>,<b>,3,1,<e>,<b>,3,1,<e>,<b>,3,4,1,<e>,<b>,5,1,<e>,<b>,5,1,<e>,<b>,2,1,<e>,<b>,3,2,1,<e>,<b>,3,1,<e>,<b>,3,1,<e>,<b>,3,1,<e>,<b>,5,1,<e>,,,,,,,,,,,,,,,,,,,,,,,,,,,,,,,,,,,,,,,,,,,,,,,,,,,,,,,,,,,,,,,,,,,,,,,,,,,,,,,,,,,,,,,,,,,,,,,,,,,,,,,,,,,,,,,,,,,,,,,,,,,,,,,,,,,,,,,,,,,,,,,,,,,,,,,,,,,,,,,,,,,,,,,,
23184,<b>,3,1,<e>,<b>,3,1,<e>,<b>,3,1,<e>,<b>,2,1,2,1,2,1,<e>,<b>,3,1,<e>,<b>,3,1,<e>,<b>,3,1,<e>,<b>,3,1,<e>,<b>,2,1,2,1,<e>,<b>,3,1,<e>,<b>,5,2,5,1,<e>,<b>,3,1,<e>,<b>,3,1,<e>,<b>,3,1,<e>,<b>,2,3,1,<e>,<b>,3,1,2,3,1,<e>,<b>,3,1,<e>,<b>,3,1,<e>,<b>,2,1,5,1,<e>,<b>,3,1,<e>,<b>,2,1,2,1,2,1,<e>,<b>,3,1,<e>,<b>,3,1,<e>,<b>,3,1,<e>,<b>,2,1,2,1,<e>,<b>,3,1,<e>,<b>,3,1,<e>,,,,,,,,,,,,,,,,,,,,,,,,,,,,,,,,,,,,,,,,,,,,,,,,,,,,,,,,,,,,,,,,,,,,,,,,,,,,,,,,,,,,,,,,,,,,,,,,,,
23189,<b>,3,1,<e>,<b>,3,1,<e>,<b>,3,1,<e>,<b>,2,1,<e>,<b>,3,2,1,<e>,<b>,5,2,1,5,1,<e>,<b>,2,1,5,1,<e>,<b>,2,5,1,<e>,<b>,2,1,<e>,<b>,5,2,1,<e>,<b>,2,1,<e>,<b>,2,5,2,1,<e>,<b>,2,5,2,1,<e>,,,,,,,,,,,,,,,,,,,,,,,,,,,,,,,,,,,,,,,,,,,,,,,,,,,,,,,,,,,,,,,,,,,,,,,,,,,,,,,,,,,,,,,,,,,,,,,,,,,,,,,,,,,,,,,,,,,,,,,,,,,,,,,,,,,,,,,,,,,,,,,,,,,,,,,,,,,,,,,,,,
23193,<b>,3,1,<e>,<b>,2,1,2,1,<e>,<b>,2,1,2,1,<e>,<b>,2,1,<e>,<b>,2,1,2,1,<e>,<b>,5,2,1,<e>,<b>,2,1,3,1,<e>,<b>,2,1,<e>,<b>,3,1,2,1,<e>,<b>,2,5,1,<e>,<b>,2,1,<e>,<b>,2,1,<e>,<b>,4,2,4,1,<e>,<b>,2,1,<e>,<b>,5,2,1,<e>,<b>,2,5,2,1,<e>,<b>,2,1,<e>,<b>,2,1,<e>,<b>,2,1,2,1,<e>,<b>,2,1,4,1,<e>,<b>,2,1,2,1,2,1,<e>,<b>,2,1,2,1,2,1,<e>,<b>,2,1,2,1,2,1,2,1,<e>,<b>,2,1,2,1,<e>,<b>,2,2.0,1,<e>,<b>,2,1,<e>,<b>,2,1,2.0,2,1,<e>,<b>,2,3.0,2.0,2,1,<e>,,,,,,,,,,,,,,,,,,,,,,,,,,,,,,,,,,,,,,,,,,,,,,,,,,,,,,,,,,,,,,,,,,,,,,
23194,<b>,3,1,<e>,<b>,5,1,<e>,<b>,3,1,<e>,<b>,3,1,<e>,<b>,3,1,<e>,<b>,3,1,<e>,<b>,3,1,<e>,<b>,2,1,<e>,<b>,2,1,<e>,<b>,2,1,<e>,<b>,2,1,<e>,<b>,2,1,<e>,<b>,3,1,<e>,<b>,3,1,<e>,<b>,4,1,<e>,<b>,3,1,<e>,<b>,2,1,<e>,<b>,2,1,<e>,<b>,4,1,<e>,,,,,,,,,,,,,,,,,,,,,,,,,,,,,,,,,,,,,,,,,,,,,,,,,,,,,,,,,,,,,,,,,,,,,,,,,,,,,,,,,,,,,,,,,,,,,,,,,,,,,,,,,,,,,,,,,,,,,,,,,,,,,,,,,,,,,,,,,,,,,,,,,,,,,,
23196,<b>,2,3,1,<e>,<b>,3,2,1,<e>,<b>,3,1,<e>,<b>,2,1,<e>,<b>,3,1,<e>,<b>,2,1,2,1,<e>,<b>,2,1,<e>,<b>,3,2,1,<e>,<b>,2,1,<e>,<b>,3,2,1,<e>,<b>,3,2,1,<e>,,,,,,,,,,,,,,,,,,,,,,,,,,,,,,,,,,,,,,,,,,,,,,,,,,,,,,,,,,,,,,,,,,,,,,,,,,,,,,,,,,,,,,,,,,,,,,,,,,,,,,,,,,,,,,,,,,,,,,,,,,,,,,,,,,,,,,,,,,,,,,,,,,,,,,,,,,,,,,,,,,,,,,,,,,,,,,,
23197,<b>,3,1,<e>,<b>,3,1,<e>,<b>,3,1,<e>,<b>,3,1,<e>,<b>,3,2,1,<e>,<b>,3,2,1,<e>,<b>,2,1,<e>,<b>,3,1,2,1,<e>,<b>,3,1,<e>,<b>,3,1,<e>,<b>,3,1,<e>,<b>,3,1,<e>,<b>,2,1,<e>,<b>,2,1,<e>,<b>,2,1,<e>,<b>,2,1,2,1,<e>,<b>,2,1,<e>,<b>,3,1,<e>,<b>,3,1,<e>,<b>,3,1,<e>,<b>,3,1,<e>,<b>,3,2,1,<e>,<b>,3,1,<e>,<b>,3,1,<e>,<b>,3,1,<e>,<b>,2,1,<e>,<b>,2,1,<e>,<b>,3,1,<e>,,,,,,,,,,,,,,,,,,,,,,,,,,,,,,,,,,,,,,,,,,,,,,,,,,,,,,,,,,,,,,,,,,,,,,,,,,,,,,,,,,,,,,,,,,,,,,,,,,,,,,,,,,,
23203,<b>,3,1,<e>,<b>,3,1,<e>,<b>,3,2,1,<e>,<b>,3,2,1,<e>,<b>,3,1,<e>,<b>,3,1,<e>,<b>,3,1,<e>,<b>,3,1,<e>,<b>,3,2,1,<e>,<b>,3,1,<e>,<b>,2,1,<e>,<b>,3,1,<e>,<b>,3,2,1,<e>,<b>,3,1,<e>,<b>,3,1,<e>,<b>,3,2,1,<e>,<b>,3,1,<e>,<b>,3,2,1,<e>,<b>,2,1,<e>,<b>,3,1,<e>,,,,,,,,,,,,,,,,,,,,,,,,,,,,,,,,,,,,,,,,,,,,,,,,,,,,,,,,,,,,,,,,,,,,,,,,,,,,,,,,,,,,,,,,,,,,,,,,,,,,,,,,,,,,,,,,,,,,,,,,,,,,,,,,,,,,,,,,,,,,
23205,<b>,3,2,3,1,2,1,<e>,<b>,3,2,3,1,2,1,<e>,<b>,3,2,3,5,1,2,1,<e>,<b>,3,2,3,5,1,2,1,<e>,<b>,3,2,3,5,1,2,1,<e>,<b>,2,1,3,2,1,2,1,2,1,<e>,<b>,5,1,5,1,2,1,<e>,<b>,5,1,2,1,5,2,1,2,1,<e>,<b>,3,2,3,2,1,2,1,<e>,<b>,3,2,3,2,1,2,1,<e>,<b>,3,2,3,1,2,1,<e>,<b>,3,2,3,5,2,1,2,1,<e>,<b>,5,2,5,2,1,3,1,<e>,<b>,2,5,1,2,1,2,1,<e>,<b>,5,2,1,3,2,1,2.0,1.0,<e>,<b>,2,1,2,1,<e>,<b>,2,5.0,1,2,1,<e>,<b>,3.0,2.0,3,5,2,1,2,1.0,<e>,<b>,3,2,3,2.0,3.0,2,1,2,1,<e>,<b>,2,2.0,2,1.0,3.0,1.0,2.0,2,1,<e>,,,,,,,,,,,,,,,,,,,,,,,,,,,,,,,,,,,,,,,,,,,,
23207,<b>,3,4,1,2,1,<e>,<b>,3,2,4,1,<e>,<b>,2,1,<e>,<b>,4,1,<e>,<b>,2,1,<e>,<b>,3,4,1,2,1,<e>,<b>,2,5,2,1,<e>,<b>,2,1,<e>,<b>,4,5,2,1,<e>,<b>,5,2,1,<e>,,,,,,,,,,,,,,,,,,,,,,,,,,,,,,,,,,,,,,,,,,,,,,,,,,,,,,,,,,,,,,,,,,,,,,,,,,,,,,,,,,,,,,,,,,,,,,,,,,,,,,,,,,,,,,,,,,,,,,,,,,,,,,,,,,,,,,,,,,,,,,,,,,,,,,,,,,,,,,,,,,,,,,,,,,,,,
23209,<b>,3,5,1,<e>,<b>,3,1,<e>,<b>,2,1,<e>,<b>,5,1,<e>,<b>,5,1,<e>,,,,,,,,,,,,,,,,,,,,,,,,,,,,,,,,,,,,,,,,,,,,,,,,,,,,,,,,,,,,,,,,,,,,,,,,,,,,,,,,,,,,,,,,,,,,,,,,,,,,,,,,,,,,,,,,,,,,,,,,,,,,,,,,,,,,,,,,,,,,,,,,,,,,,,,,,,,,,,,,,,,,,,,,,,,,,,,,,,,,,,,,,,,,,,,,,,,,,,,,,,,,,
23210,<b>,3,1,<e>,<b>,2,1,<e>,<b>,3,1,<e>,<b>,3,1,<e>,,,,,,,,,,,,,,,,,,,,,,,,,,,,,,,,,,,,,,,,,,,,,,,,,,,,,,,,,,,,,,,,,,,,,,,,,,,,,,,,,,,,,,,,,,,,,,,,,,,,,,,,,,,,,,,,,,,,,,,,,,,,,,,,,,,,,,,,,,,,,,,,,,,,,,,,,,,,,,,,,,,,,,,,,,,,,,,,,,,,,,,,,,,,,,,,,,,,,,,,,,,,,,,,,,
23218,<b>,3,4,1,<e>,<b>,3,1,<e>,<b>,5,4,1,5,1,<e>,<b>,3,1,<e>,<b>,4,3,1,<e>,<b>,4,1,<e>,<b>,4,3,2,3,1,<e>,<b>,5,1,<e>,<b>,2,1,<e>,<b>,2,1,<e>,<b>,2,1,<e>,<b>,3,1,<e>,<b>,3,1,<e>,<b>,2,1,<e>,<b>,4,1,<e>,<b>,4,1,<e>,,,,,,,,,,,,,,,,,,,,,,,,,,,,,,,,,,,,,,,,,,,,,,,,,,,,,,,,,,,,,,,,,,,,,,,,,,,,,,,,,,,,,,,,,,,,,,,,,,,,,,,,,,,,,,,,,,,,,,,,,,,,,,,,,,,,,,,,,,,,,,,,,,,,,,,,,,
23219,<b>,5,2,2,1,<e>,<b>,2,1,2,1,2,1,2,1,<e>,<b>,2,1,2,1,2,1,2,5,2,1,2,1,<e>,<b>,2,1,<e>,<b>,5,1,2,5,1,2,1,2,1,<e>,<b>,5,2,1,2,5,1,2,1,<e>,<b>,5,2,1,2,1,<e>,<b>,2,1,5,1,2,1,<e>,<b>,2,1,2,1,2,1,<e>,<b>,2,1,<e>,<b>,2,1,<e>,<b>,2,1,<e>,<b>,2,1,<e>,<b>,2,2.0,1,<e>,,,,,,,,,,,,,,,,,,,,,,,,,,,,,,,,,,,,,,,,,,,,,,,,,,,,,,,,,,,,,,,,,,,,,,,,,,,,,,,,,,,,,,,,,,,,,,,,,,,,,,,,,,,,,,,,,,,,,,,,,,,,,,,
23222,<b>,5,2,1,5,1,<e>,<b>,3,1,<e>,<b>,3,1,5,2,1,2,1,<e>,<b>,3,1,<e>,<b>,5,3,1,5,1,5,1,<e>,<b>,5,2,1,5,2,1,<e>,<b>,2,5,1,<e>,<b>,5,1,2,1,5,1,<e>,<b>,3,1,<e>,<b>,3,1,5,2,1,5,1,<e>,<b>,3,1,<e>,<b>,3,2,1,<e>,<b>,5,2,5,1,<e>,<b>,5,2,1,5,1,<e>,<b>,5,1,5,2,1,<e>,<b>,3,1,<e>,<b>,5,3,1,<e>,<b>,3,1,<e>,<b>,3,1,2,1,<e>,<b>,2,1,<e>,<b>,3,1,2,1,5,1,<e>,<b>,3,1,<e>,<b>,3,1,<e>,<b>,5,1.0,2.0,5,2,1,<e>,<b>,3,2,1,<e>,,,,,,,,,,,,,,,,,,,,,,,,,,,,,,,,,,,,,,,,,,,,,,,,,,,,,,,,,,,,,,,,,,,,,,,,,,,,,,
23224,<b>,5,2,1,2,1,<e>,<b>,2,1,<e>,<b>,2,1,<e>,<b>,2,1,<e>,<b>,2,1,<e>,<b>,2,1,<e>,<b>,2,5,2,1,<e>,<b>,2,1,<e>,<b>,2,1,<e>,<b>,2,1,<e>,,,,,,,,,,,,,,,,,,,,,,,,,,,,,,,,,,,,,,,,,,,,,,,,,,,,,,,,,,,,,,,,,,,,,,,,,,,,,,,,,,,,,,,,,,,,,,,,,,,,,,,,,,,,,,,,,,,,,,,,,,,,,,,,,,,,,,,,,,,,,,,,,,,,,,,,,,,,,,,,,,,,,,,,,,,,,,,,,,,,,
23225,<b>,3,1,<e>,<b>,3,2,1,<e>,<b>,3,1,<e>,<b>,3,1,<e>,<b>,3,1,<e>,<b>,5,1,<e>,<b>,3,1,<e>,<b>,3,1,<e>,<b>,3,2,1,<e>,<b>,3,5,1,<e>,<b>,5,2,5,2,1,<e>,<b>,2,5,1,<e>,<b>,2,5,1,2,1,<e>,<b>,3,1,<e>,<b>,3,1,<e>,<b>,3,1,<e>,<b>,3,1,<e>,<b>,3,1,<e>,<b>,3,1,<e>,<b>,5,3,5,1,<e>,<b>,3,2,1,<e>,<b>,5,2,1,<e>,<b>,3,5,1,<e>,,,,,,,,,,,,,,,,,,,,,,,,,,,,,,,,,,,,,,,,,,,,,,,,,,,,,,,,,,,,,,,,,,,,,,,,,,,,,,,,,,,,,,,,,,,,,,,,,,,,,,,,,,,,,,,,,,,,,,,
23228,<b>,3,2,1,<e>,<b>,3,1,<e>,<b>,3,1,<e>,<b>,3,1,<e>,<b>,3,1,<e>,<b>,2,1,<e>,<b>,2,1,<e>,<b>,3,1,<e>,<b>,3,1,<e>,<b>,3,1,<e>,<b>,3,5,2,1,<e>,<b>,3,1,<e>,<b>,5,1,<e>,<b>,2,1,<e>,<b>,2,1,<e>,<b>,3,2,1,<e>,<b>,2,1,<e>,,,,,,,,,,,,,,,,,,,,,,,,,,,,,,,,,,,,,,,,,,,,,,,,,,,,,,,,,,,,,,,,,,,,,,,,,,,,,,,,,,,,,,,,,,,,,,,,,,,,,,,,,,,,,,,,,,,,,,,,,,,,,,,,,,,,,,,,,,,,,,,,,,,,,,,,,,
23233,<b>,3,1,<e>,<b>,3,1,<e>,<b>,3,2,3,1,<e>,<b>,3,2,3,1,<e>,<b>,3,2,3,1,<e>,<b>,2,1,<e>,<b>,5,2,3,1,<e>,<b>,3,2,3,1,<e>,<b>,3,2,3,1,<e>,<b>,5,3,2,3,1,<e>,<b>,3,5,2,1,<e>,<b>,5,1,2,1,<e>,<b>,5,1,<e>,<b>,5,2,1,<e>,<b>,3,2,3,1,<e>,<b>,3,1,<e>,<b>,3,2,3,1,<e>,<b>,3,1,<e>,<b>,3,2,3,1,<e>,<b>,3,2,3,2,5,1,<e>,<b>,3,1,<e>,<b>,3,1,<e>,<b>,3,1,<e>,,,,,,,,,,,,,,,,,,,,,,,,,,,,,,,,,,,,,,,,,,,,,,,,,,,,,,,,,,,,,,,,,,,,,,,,,,,,,,,,,,,,,,,,,,,,,,,,,,,,,,,,
23234,<b>,3,1,1,<e>,<b>,3,1,<e>,<b>,4,3,1,<e>,<b>,2,1,<e>,<b>,2,1,<e>,<b>,3,1,<e>,<b>,3,1,<e>,<b>,3,1,<e>,<b>,3,1,<e>,<b>,3,1,<e>,<b>,3,1,<e>,<b>,2,3,1,<e>,<b>,2,1,<e>,<b>,3,1,<e>,<b>,3,2,1,<e>,<b>,2,1,<e>,,,,,,,,,,,,,,,,,,,,,,,,,,,,,,,,,,,,,,,,,,,,,,,,,,,,,,,,,,,,,,,,,,,,,,,,,,,,,,,,,,,,,,,,,,,,,,,,,,,,,,,,,,,,,,,,,,,,,,,,,,,,,,,,,,,,,,,,,,,,,,,,,,,,,,,,,,,,,,
23235,<b>,3,3,1,<e>,<b>,3,1,<e>,<b>,3,1,<e>,<b>,3,1,<e>,<b>,3,1,<e>,<b>,3,1,<e>,<b>,3,1,<e>,<b>,3,1,<e>,<b>,5,1,<e>,<b>,2,1,<e>,<b>,5,1,<e>,<b>,3,1,<e>,<b>,3,5,1,<e>,<b>,5,1,<e>,<b>,3,1,<e>,,,,,,,,,,,,,,,,,,,,,,,,,,,,,,,,,,,,,,,,,,,,,,,,,,,,,,,,,,,,,,,,,,,,,,,,,,,,,,,,,,,,,,,,,,,,,,,,,,,,,,,,,,,,,,,,,,,,,,,,,,,,,,,,,,,,,,,,,,,,,,,,,,,,,,,,,,,,,,,,,,,,
23238,<b>,3,3,1,<e>,<b>,3,1,<e>,<b>,3,1,<e>,<b>,3,1,<e>,<b>,2,1,<e>,<b>,2,1,<e>,<b>,3,1,<e>,<b>,3,1,<e>,<b>,3,2,1,<e>,<b>,3,1,<e>,<b>,2,1,<e>,<b>,2,1,<e>,<b>,2,1,<e>,,,,,,,,,,,,,,,,,,,,,,,,,,,,,,,,,,,,,,,,,,,,,,,,,,,,,,,,,,,,,,,,,,,,,,,,,,,,,,,,,,,,,,,,,,,,,,,,,,,,,,,,,,,,,,,,,,,,,,,,,,,,,,,,,,,,,,,,,,,,,,,,,,,,,,,,,,,,,,,,,,,,,,,,,,,,
23239,<b>,3,1,<e>,<b>,4,3,1,<e>,<b>,4,3,1,<e>,<b>,4,3,1,<e>,<b>,3,1,<e>,<b>,4,1,5,1,<e>,<b>,4,1,<e>,<b>,3,1,<e>,<b>,4,3,1,<e>,<b>,4,3,1,<e>,<b>,4,3,2,1,<e>,<b>,3,1,<e>,<b>,4,1,<e>,<b>,4,1,<e>,<b>,4,2,1,<e>,<b>,4,2,1,<e>,<b>,3,1,<e>,<b>,3,1,<e>,<b>,4,3,1,<e>,<b>,3,1,<e>,<b>,3,1,<e>,<b>,3,1,<e>,<b>,3,1,<e>,<b>,3,1,<e>,<b>,4,3,1,<e>,<b>,4,2,4,1,<e>,<b>,4,2,1,<e>,<b>,3,1,<e>,,,,,,,,,,,,,,,,,,,,,,,,,,,,,,,,,,,,,,,,,,,,,,,,,,,,,,,,,,,,,,,,,,,,,,,,,,,,,,,,,,,,,,,,,,,,,,,,,,
23241,<b>,3,1,<e>,<b>,3,1,<e>,<b>,5,2,1,<e>,<b>,3,2,1,<e>,<b>,3,1,<e>,<b>,3,1,<e>,<b>,5,1,2,1,<e>,<b>,3,1,<e>,<b>,3,1,<e>,<b>,2,1,<e>,<b>,3,1,<e>,<b>,3,4,3,1,<e>,<b>,3,4,3,4,3,1,<e>,<b>,2,1,<e>,<b>,2,1,2,1,2,1,<e>,<b>,2,1,<e>,<b>,3,4,3,4,3,1,<e>,<b>,3,2,3,1,<e>,<b>,3,4,3,1,<e>,<b>,3,4,3,1,<e>,<b>,3,1,<e>,<b>,5,2,1,2,1,<e>,<b>,3,1,<e>,<b>,3,4,3,1,<e>,<b>,3,2,3,2,1,<e>,<b>,5,1,5,1,<e>,<b>,3,1,<e>,,,,,,,,,,,,,,,,,,,,,,,,,,,,,,,,,,,,,,,,,,,,,,,,,,,,,,,,,,,,,,,,,,,,,,,,,,,,,,,,,,,,
23242,<b>,5,1,<e>,<b>,5,1,<e>,<b>,3,2,3,1,<e>,<b>,5,1,5,1,<e>,<b>,2,1,<e>,<b>,5,1,2,1,<e>,<b>,2,1,<e>,<b>,5,1,<e>,<b>,2,1,<e>,<b>,5,2,5,1,<e>,<b>,2,1,2,1,<e>,<b>,5,1,<e>,<b>,5,1,<e>,<b>,5,1,5,1,<e>,<b>,5,1,5,1,<e>,<b>,5,1,<e>,<b>,5,1,<e>,<b>,5,1,<e>,<b>,2,1,5,1,<e>,<b>,2,1,<e>,<b>,5,1,<e>,<b>,5,1,<e>,,,,,,,,,,,,,,,,,,,,,,,,,,,,,,,,,,,,,,,,,,,,,,,,,,,,,,,,,,,,,,,,,,,,,,,,,,,,,,,,,,,,,,,,,,,,,,,,,,,,,,,,,,,,,,,,,,,,,,,,,,
23244,<b>,3,1,<e>,<b>,3,1,<e>,<b>,5,1,<e>,<b>,2,1,2,1,<e>,<b>,2,1,<e>,<b>,3,1,<e>,<b>,3,1,<e>,<b>,3,2,1,<e>,<b>,3,1,<e>,<b>,3,1,<e>,<b>,2,1,<e>,<b>,2,1,<e>,<b>,2,1,<e>,<b>,3,1,<e>,<b>,3,1,<e>,<b>,3,1,<e>,<b>,2,1,<e>,,,,,,,,,,,,,,,,,,,,,,,,,,,,,,,,,,,,,,,,,,,,,,,,,,,,,,,,,,,,,,,,,,,,,,,,,,,,,,,,,,,,,,,,,,,,,,,,,,,,,,,,,,,,,,,,,,,,,,,,,,,,,,,,,,,,,,,,,,,,,,,,,,,,,,,,,,,
23019,<b>,3,1,<e>,<b>,3,1,<e>,<b>,3,1,<e>,<b>,3,1,<e>,<b>,4,3,1,<e>,<b>,3,1,<e>,<b>,3,1,<e>,<b>,3,1,<e>,<b>,3,1,<e>,<b>,3,1,<e>,,,,,,,,,,,,,,,,,,,,,,,,,,,,,,,,,,,,,,,,,,,,,,,,,,,,,,,,,,,,,,,,,,,,,,,,,,,,,,,,,,,,,,,,,,,,,,,,,,,,,,,,,,,,,,,,,,,,,,,,,,,,,,,,,,,,,,,,,,,,,,,,,,,,,,,,,,,,,,,,,,,,,,,,,,,,,,,,,,,,,,,,,
23028,<b>,5,1,<e>,<b>,5,2,1,<e>,<b>,5,1,5,1,<e>,<b>,2,1,<e>,<b>,2,1,<e>,<b>,5,1,<e>,<b>,2,5,1,<e>,<b>,5,2,1,<e>,<b>,2,1,<e>,<b>,2,1,<e>,<b>,2,1,<e>,<b>,2,5,1,<e>,<b>,2,1,<e>,<b>,2,1,<e>,<b>,5,1,<e>,<b>,2,1,<e>,<b>,5,1,<e>,<b>,2,1,5,2,1,<e>,<b>,2,1,<e>,<b>,5,1,5,1,<e>,<b>,2,1,<e>,<b>,5,1,<e>,<b>,5,1,<e>,<b>,2,1,<e>,,,,,,,,,,,,,,,,,,,,,,,,,,,,,,,,,,,,,,,,,,,,,,,,,,,,,,,,,,,,,,,,,,,,,,,,,,,,,,,,,,,,,,,,,,,,,,,,,,,,,,,,,,,,,,,,,,,,,,,
23030,<b>,5,3,2,1,<e>,<b>,3,2,1,<e>,<b>,3,2,1,<e>,<b>,3,2,4,1,<e>,<b>,3,2,1,<e>,<b>,3,1,<e>,<b>,3,2,1,<e>,<b>,3,2,1,<e>,<b>,3,1,<e>,<b>,3,1,<e>,<b>,3,1,<e>,<b>,3,1,<e>,<b>,3,1,<e>,<b>,3,2,1,<e>,<b>,3,1,<e>,<b>,3,2,1,<e>,<b>,3,1,<e>,<b>,3,2,1,<e>,<b>,3,2,1,<e>,<b>,3,2,1,<e>,<b>,3,2,1,<e>,<b>,3,1,<e>,,,,,,,,,,,,,,,,,,,,,,,,,,,,,,,,,,,,,,,,,,,,,,,,,,,,,,,,,,,,,,,,,,,,,,,,,,,,,,,,,,,,,,,,,,,,,,,,,,,,,,,,,,,,,,,,,,,,,,,,,,,
23041,<b>,2,1,<e>,<b>,5,1,<e>,<b>,5,1,<e>,<b>,5,1,<e>,<b>,5,1,<e>,<b>,5,3,2,5,1,<e>,<b>,2,1,<e>,<b>,5,2,1,<e>,<b>,5,1,<e>,<b>,5,2,1,<e>,<b>,5,2,1,<e>,<b>,5,2,1,<e>,,,,,,,,,,,,,,,,,,,,,,,,,,,,,,,,,,,,,,,,,,,,,,,,,,,,,,,,,,,,,,,,,,,,,,,,,,,,,,,,,,,,,,,,,,,,,,,,,,,,,,,,,,,,,,,,,,,,,,,,,,,,,,,,,,,,,,,,,,,,,,,,,,,,,,,,,,,,,,,,,,,,,,,,,,,
23050,<b>,5,2,1,<e>,<b>,5,3,1,<e>,<b>,3,2,3,2,1,<e>,<b>,4,3,1,<e>,<b>,2,5,2,1,<e>,<b>,2,1,2,1,<e>,<b>,3,2,1,<e>,<b>,2,5,2,1,<e>,<b>,2,3,2,3,1,<e>,<b>,3,5,2,1,<e>,<b>,4,1,<e>,<b>,2,1,<e>,<b>,5,1,<e>,<b>,2,1,<e>,<b>,2,1,<e>,<b>,2,1,<e>,<b>,3,1,<e>,<b>,5,1,2,1,2,1,<e>,<b>,2,1,5,2,1,<e>,<b>,3,1,<e>,<b>,3,4,2,1,<e>,<b>,2,1,2,1,<e>,<b>,2,1,2,1,<e>,<b>,3,1,<e>,<b>,2,5,1,<e>,<b>,2,1,5.0,2,1,<e>,<b>,4,1,<e>,,,,,,,,,,,,,,,,,,,,,,,,,,,,,,,,,,,,,,,,,,,,,,,,,,,,,,,,,,,,,,,,,,,,,,,,,,,,,,,,,,,
23074,<b>,3,1,<e>,<b>,3,1,<e>,<b>,2,1,<e>,<b>,3,1,<e>,<b>,4,1,<e>,,,,,,,,,,,,,,,,,,,,,,,,,,,,,,,,,,,,,,,,,,,,,,,,,,,,,,,,,,,,,,,,,,,,,,,,,,,,,,,,,,,,,,,,,,,,,,,,,,,,,,,,,,,,,,,,,,,,,,,,,,,,,,,,,,,,,,,,,,,,,,,,,,,,,,,,,,,,,,,,,,,,,,,,,,,,,,,,,,,,,,,,,,,,,,,,,,,,,,,,,,,,,,
23075,<b>,5,1,<e>,<b>,2,1,<e>,<b>,3,1,<e>,<b>,5,1,<e>,<b>,2,1,<e>,<b>,5,1,<e>,<b>,5,1,<e>,<b>,5,1,<e>,<b>,5,1,<e>,<b>,5,1,<e>,<b>,5,1,<e>,,,,,,,,,,,,,,,,,,,,,,,,,,,,,,,,,,,,,,,,,,,,,,,,,,,,,,,,,,,,,,,,,,,,,,,,,,,,,,,,,,,,,,,,,,,,,,,,,,,,,,,,,,,,,,,,,,,,,,,,,,,,,,,,,,,,,,,,,,,,,,,,,,,,,,,,,,,,,,,,,,,,,,,,,,,,,,,,,,,,,,
23079,<b>,3,1,<e>,<b>,3,1,<e>,<b>,5,3,2,1,<e>,<b>,3,1,<e>,<b>,3,1,<e>,<b>,3,1,<e>,<b>,3,1,<e>,<b>,2,1,<e>,<b>,2,1,<e>,<b>,2,1,<e>,<b>,3,1,<e>,<b>,3,1,<e>,<b>,3,1,<e>,<b>,3,1,<e>,<b>,3,1,<e>,<b>,3,1,<e>,,,,,,,,,,,,,,,,,,,,,,,,,,,,,,,,,,,,,,,,,,,,,,,,,,,,,,,,,,,,,,,,,,,,,,,,,,,,,,,,,,,,,,,,,,,,,,,,,,,,,,,,,,,,,,,,,,,,,,,,,,,,,,,,,,,,,,,,,,,,,,,,,,,,,,,,,,,,,,,,
23083,<b>,4,4,1,<e>,<b>,2,1,<e>,,,,,,,,,,,,,,,,,,,,,,,,,,,,,,,,,,,,,,,,,,,,,,,,,,,,,,,,,,,,,,,,,,,,,,,,,,,,,,,,,,,,,,,,,,,,,,,,,,,,,,,,,,,,,,,,,,,,,,,,,,,,,,,,,,,,,,,,,,,,,,,,,,,,,,,,,,,,,,,,,,,,,,,,,,,,,,,,,,,,,,,,,,,,,,,,,,,,,,,,,,,,,,,,,,,,,,,,,
23100,<b>,3,2,1,<e>,<b>,3,1,<e>,<b>,5,1,<e>,<b>,2,4,1,<e>,<b>,5,1,<e>,<b>,3,2,1,<e>,<b>,3,2,1,<e>,<b>,3,2,1,<e>,<b>,5,1,<e>,<b>,2,1,<e>,<b>,2,5,1,<e>,<b>,2,1,<e>,<b>,2,1,<e>,<b>,3,1,<e>,<b>,3,2,1,<e>,<b>,3,1,<e>,<b>,3,2,1,<e>,<b>,3,2,1,<e>,<b>,2,3,1,<e>,<b>,3,2,1,<e>,<b>,3,2,5,1,<e>,<b>,2,4,1,<e>,<b>,2,5,1,<e>,<b>,3,2,1,<e>,,,,,,,,,,,,,,,,,,,,,,,,,,,,,,,,,,,,,,,,,,,,,,,,,,,,,,,,,,,,,,,,,,,,,,,,,,,,,,,,,,,,,,,,,,,,,,,,,,,,,,,,,,,,,,,,,,
23101,<b>,3,4,1,<e>,<b>,3,1,<e>,<b>,3,1,<e>,<b>,3,1,<e>,<b>,3,1,<e>,<b>,3,4,1,<e>,<b>,3,1,<e>,<b>,2,1,<e>,<b>,3,1,<e>,<b>,3,1,<e>,<b>,3,4,1,<e>,,,,,,,,,,,,,,,,,,,,,,,,,,,,,,,,,,,,,,,,,,,,,,,,,,,,,,,,,,,,,,,,,,,,,,,,,,,,,,,,,,,,,,,,,,,,,,,,,,,,,,,,,,,,,,,,,,,,,,,,,,,,,,,,,,,,,,,,,,,,,,,,,,,,,,,,,,,,,,,,,,,,,,,,,,,,,,,,,,,
23112,<b>,3,1,<e>,<b>,3,1,<e>,<b>,5,2,1,<e>,<b>,5,2,1,<e>,<b>,5,1,<e>,<b>,5,1,<e>,<b>,5,1,<e>,<b>,5,1,<e>,<b>,5,1,<e>,<b>,5,1,<e>,,,,,,,,,,,,,,,,,,,,,,,,,,,,,,,,,,,,,,,,,,,,,,,,,,,,,,,,,,,,,,,,,,,,,,,,,,,,,,,,,,,,,,,,,,,,,,,,,,,,,,,,,,,,,,,,,,,,,,,,,,,,,,,,,,,,,,,,,,,,,,,,,,,,,,,,,,,,,,,,,,,,,,,,,,,,,,,,,,,,,,,,
23127,<b>,5,2,1,<e>,<b>,2,1,<e>,<b>,2,1,<e>,<b>,2,1,<e>,<b>,2,1,<e>,<b>,2,1,<e>,<b>,2,1,<e>,<b>,2,1,<e>,<b>,2,1,<e>,<b>,2,1,<e>,<b>,2,1,<e>,<b>,2,1,<e>,<b>,5,1,<e>,<b>,2,1,<e>,<b>,2,1,<e>,<b>,2,1,<e>,,,,,,,,,,,,,,,,,,,,,,,,,,,,,,,,,,,,,,,,,,,,,,,,,,,,,,,,,,,,,,,,,,,,,,,,,,,,,,,,,,,,,,,,,,,,,,,,,,,,,,,,,,,,,,,,,,,,,,,,,,,,,,,,,,,,,,,,,,,,,,,,,,,,,,,,,,,,,,,,,
23136,<b>,4,3,5,1,<e>,<b>,4,3,1,<e>,<b>,3,1,<e>,<b>,2,1,<e>,<b>,2,1,2,1,<e>,<b>,3,1,<e>,<b>,3,1,<e>,<b>,5,1,<e>,<b>,2,1,2,1,<e>,<b>,2,1,<e>,<b>,2,1,<e>,<b>,3,1,<e>,<b>,3,1,<e>,<b>,3,1,<e>,<b>,5,1,<e>,<b>,3,1,<e>,<b>,5,1,<e>,<b>,2,1,5,1,<e>,<b>,3,1,<e>,,,,,,,,,,,,,,,,,,,,,,,,,,,,,,,,,,,,,,,,,,,,,,,,,,,,,,,,,,,,,,,,,,,,,,,,,,,,,,,,,,,,,,,,,,,,,,,,,,,,,,,,,,,,,,,,,,,,,,,,,,,,,,,,,,,,,,,,,,,,,
23137,<b>,3,1,<e>,<b>,3,1,<e>,<b>,3,1,<e>,<b>,2,1,<e>,,,,,,,,,,,,,,,,,,,,,,,,,,,,,,,,,,,,,,,,,,,,,,,,,,,,,,,,,,,,,,,,,,,,,,,,,,,,,,,,,,,,,,,,,,,,,,,,,,,,,,,,,,,,,,,,,,,,,,,,,,,,,,,,,,,,,,,,,,,,,,,,,,,,,,,,,,,,,,,,,,,,,,,,,,,,,,,,,,,,,,,,,,,,,,,,,,,,,,,,,,,,,,,,,,
23142,<b>,5,1,<e>,<b>,5,1,<e>,<b>,5,1,<e>,<b>,2,1,<e>,<b>,5,1,2,1,<e>,<b>,2,1,<e>,<b>,2,1,<e>,<b>,5,1,<e>,<b>,5,1,<e>,,,,,,,,,,,,,,,,,,,,,,,,,,,,,,,,,,,,,,,,,,,,,,,,,,,,,,,,,,,,,,,,,,,,,,,,,,,,,,,,,,,,,,,,,,,,,,,,,,,,,,,,,,,,,,,,,,,,,,,,,,,,,,,,,,,,,,,,,,,,,,,,,,,,,,,,,,,,,,,,,,,,,,,,,,,,,,,,,,,,,,,,,,,,
23149,<b>,5,1,1,<e>,<b>,3,1,<e>,<b>,5,1,<e>,,,,,,,,,,,,,,,,,,,,,,,,,,,,,,,,,,,,,,,,,,,,,,,,,,,,,,,,,,,,,,,,,,,,,,,,,,,,,,,,,,,,,,,,,,,,,,,,,,,,,,,,,,,,,,,,,,,,,,,,,,,,,,,,,,,,,,,,,,,,,,,,,,,,,,,,,,,,,,,,,,,,,,,,,,,,,,,,,,,,,,,,,,,,,,,,,,,,,,,,,,,,,,,,,,,,,
23157,<b>,3,1,<e>,,,,,,,,,,,,,,,,,,,,,,,,,,,,,,,,,,,,,,,,,,,,,,,,,,,,,,,,,,,,,,,,,,,,,,,,,,,,,,,,,,,,,,,,,,,,,,,,,,,,,,,,,,,,,,,,,,,,,,,,,,,,,,,,,,,,,,,,,,,,,,,,,,,,,,,,,,,,,,,,,,,,,,,,,,,,,,,,,,,,,,,,,,,,,,,,,,,,,,,,,,,,,,,,,,,,,,,,,,,,,,
23166,<b>,2,3,2,1,<e>,<b>,3,2,1,<e>,<b>,3,2,1,<e>,<b>,3,1,<e>,<b>,2,3,2,5,2,1,<e>,<b>,2,4,1,<e>,<b>,3,2,1,<e>,<b>,5,3,2,5,1,<e>,<b>,3,2,1,<e>,<b>,3,2,1,<e>,<b>,3,4,1,<e>,<b>,4,2,1,<e>,<b>,4,2,1,<e>,<b>,3,1,<e>,<b>,3,2,3,2,1,<e>,<b>,3,1,<e>,<b>,3,4,1,<e>,<b>,3,2,1,<e>,<b>,3,1,2,1,<e>,<b>,4,3,2,1,<e>,<b>,3,4,2,1,<e>,<b>,4,2,4,2,1,<e>,,,,,,,,,,,,,,,,,,,,,,,,,,,,,,,,,,,,,,,,,,,,,,,,,,,,,,,,,,,,,,,,,,,,,,,,,,,,,,,,,,,,,,,,,,,,,,,,,,,,,,,,,,
23167,<b>,3,2,3,2,1,<e>,<b>,3,2,1,<e>,<b>,3,2,1,<e>,<b>,3,2,1,<e>,<b>,2,1,<e>,<b>,3,2,1,<e>,<b>,2,1,<e>,<b>,2,1,<e>,<b>,2,1,<e>,<b>,3,2,1,<e>,<b>,2,1,<e>,<b>,2,1,<e>,,,,,,,,,,,,,,,,,,,,,,,,,,,,,,,,,,,,,,,,,,,,,,,,,,,,,,,,,,,,,,,,,,,,,,,,,,,,,,,,,,,,,,,,,,,,,,,,,,,,,,,,,,,,,,,,,,,,,,,,,,,,,,,,,,,,,,,,,,,,,,,,,,,,,,,,,,,,,,,,,,,,,,,,,,
23181,<b>,3,2,1,<e>,<b>,3,4,3,1,<e>,<b>,5,1,<e>,,,,,,,,,,,,,,,,,,,,,,,,,,,,,,,,,,,,,,,,,,,,,,,,,,,,,,,,,,,,,,,,,,,,,,,,,,,,,,,,,,,,,,,,,,,,,,,,,,,,,,,,,,,,,,,,,,,,,,,,,,,,,,,,,,,,,,,,,,,,,,,,,,,,,,,,,,,,,,,,,,,,,,,,,,,,,,,,,,,,,,,,,,,,,,,,,,,,,,,,,,,,,,,,,,,
23188,<b>,3,3,1,<e>,<b>,3,1,<e>,<b>,3,1,<e>,<b>,3,1,<e>,<b>,5,1,<e>,<b>,3,1,<e>,<b>,3,1,<e>,<b>,3,1,<e>,<b>,2,1,<e>,<b>,2,1,<e>,<b>,3,1,<e>,<b>,3,2,1,<e>,<b>,2,3,1,<e>,<b>,3,1,<e>,<b>,3,2,1,<e>,<b>,3,1,<e>,<b>,3,1,<e>,<b>,3,1,<e>,<b>,3,1,<e>,,,,,,,,,,,,,,,,,,,,,,,,,,,,,,,,,,,,,,,,,,,,,,,,,,,,,,,,,,,,,,,,,,,,,,,,,,,,,,,,,,,,,,,,,,,,,,,,,,,,,,,,,,,,,,,,,,,,,,,,,,,,,,,,,,,,,,,,,,,,,,,,,,
23191,<b>,3,1,<e>,<b>,3,2,3,2,1,<e>,<b>,3,2,1,2,1,2,1,<e>,<b>,2,1,<e>,<b>,2,1,<e>,<b>,3,4,2,3,2,1,<e>,<b>,3,2,1,<e>,<b>,2,1,<e>,<b>,2,1,<e>,<b>,2,5,2,1,<e>,<b>,2,1,<e>,<b>,2,1,<e>,<b>,3,2,1,<e>,<b>,3,2,3,2,1,<e>,<b>,3,2,1,<e>,<b>,3,2,1,<e>,<b>,3,2,1,<e>,<b>,3,2,1,<e>,<b>,3,2,1,<e>,<b>,3,4,2,1,<e>,,,,,,,,,,,,,,,,,,,,,,,,,,,,,,,,,,,,,,,,,,,,,,,,,,,,,,,,,,,,,,,,,,,,,,,,,,,,,,,,,,,,,,,,,,,,,,,,,,,,,,,,,,,,,,,,,,,,,,,,
23221,<b>,3,2,1,2,1,<e>,<b>,3,4,3,2,3,1,<e>,<b>,3,4,2,3,1,<e>,<b>,3,1,<e>,<b>,3,1,<e>,<b>,4,3,2,3,1,<e>,<b>,2,1,<e>,<b>,3,1,<e>,<b>,3,1,<e>,<b>,3,1,<e>,<b>,3,1,<e>,<b>,3,1,<e>,<b>,3,1,<e>,<b>,3,4,3,1,<e>,<b>,3,1,<e>,,,,,,,,,,,,,,,,,,,,,,,,,,,,,,,,,,,,,,,,,,,,,,,,,,,,,,,,,,,,,,,,,,,,,,,,,,,,,,,,,,,,,,,,,,,,,,,,,,,,,,,,,,,,,,,,,,,,,,,,,,,,,,,,,,,,,,,,,,,,,,,,,,,,,,,
23227,<b>,3,1,<e>,<b>,3,2,1,<e>,<b>,2,1,<e>,<b>,3,2,3,4,1,<e>,<b>,2,1,<e>,<b>,5,1,<e>,<b>,3,1,<e>,<b>,3,1,<e>,<b>,3,2,1,<e>,<b>,3,2,3,1,<e>,<b>,3,2,3,2,1,<e>,<b>,3,2,1,<e>,<b>,2,1,<e>,<b>,3,1,<e>,<b>,3,1,<e>,<b>,3,2,1,<e>,<b>,5,2,1,<e>,,,,,,,,,,,,,,,,,,,,,,,,,,,,,,,,,,,,,,,,,,,,,,,,,,,,,,,,,,,,,,,,,,,,,,,,,,,,,,,,,,,,,,,,,,,,,,,,,,,,,,,,,,,,,,,,,,,,,,,,,,,,,,,,,,,,,,,,,,,,,,,,,
23236,<b>,3,2,2,1,<e>,<b>,3,2,1,<e>,<b>,3,1,<e>,<b>,2,1,<e>,<b>,2,1,<e>,<b>,2,1,<e>,<b>,3,1,<e>,<b>,3,1,<e>,<b>,3,2,1,<e>,<b>,2,5,2,1,<e>,<b>,2,1,<e>,<b>,2,1,<e>,<b>,2,1,<e>,<b>,3,1,<e>,<b>,2,1,<e>,,,,,,,,,,,,,,,,,,,,,,,,,,,,,,,,,,,,,,,,,,,,,,,,,,,,,,,,,,,,,,,,,,,,,,,,,,,,,,,,,,,,,,,,,,,,,,,,,,,,,,,,,,,,,,,,,,,,,,,,,,,,,,,,,,,,,,,,,,,,,,,,,,,,,,,,,,,,,,,,
23011,<b>,3,4,2,1,<e>,<b>,3,2,3,2,1,<e>,<b>,3,4,2,4,3,1,<e>,<b>,4,2,1,<e>,<b>,4,2,1,<e>,<b>,3,2,4,3,2,1,<e>,<b>,3,2,3,4,1,<e>,<b>,3,4,3,1,<e>,<b>,3,4,2,4,3,1,<e>,<b>,3,4,1,<e>,<b>,2,1,2,1,<e>,<b>,2,1,<e>,<b>,2,4,2,1,<e>,<b>,2,4,2,1,<e>,<b>,2,1,<e>,<b>,3,4,2,3,1,<e>,<b>,3,2,4,3,2,1,<e>,<b>,2,3,2,3,1,<e>,<b>,3,4,2,3,1,<e>,<b>,3,4,2,1,<e>,<b>,3.0,2.0,3,2,3,1,<e>,<b>,3,2,4,2.0,3,1,<e>,<b>,3,4.0,2,3,2,1,<e>,<b>,4,2.0,2,1,<e>,<b>,4,2.0,2,1,<e>,<b>,3,4,3,1.0,<e>,,,,,,,,,,,,,,,,,,,,,,,,,,,,,,,,,,,,,,,,,,,,,,,,,,,,,,,,,,
23015,<b>,5,2,2,1,<e>,<b>,3,2,3,1,2,1,<e>,<b>,3,2,3,1,<e>,<b>,2,1,2,1,2,1,<e>,<b>,2,1,<e>,<b>,3,2,3,2,1,<e>,<b>,3,2,3,2,1,<e>,<b>,2,1,<e>,<b>,2,1,<e>,<b>,2,1,<e>,<b>,2,1,<e>,<b>,2,1,<e>,<b>,3,2,1,<e>,<b>,3,2,1,<e>,,,,,,,,,,,,,,,,,,,,,,,,,,,,,,,,,,,,,,,,,,,,,,,,,,,,,,,,,,,,,,,,,,,,,,,,,,,,,,,,,,,,,,,,,,,,,,,,,,,,,,,,,,,,,,,,,,,,,,,,,,,,,,,,,,,,,,,,,,,,,,,,,,,,,,
23016,<b>,3,1,<e>,<b>,2,1,<e>,<b>,2,1,2,1,<e>,<b>,5,2,1,<e>,<b>,2,1,<e>,<b>,2,1,<e>,<b>,2,1,<e>,<b>,3,1,<e>,<b>,3,1,<e>,<b>,3,2,1,<e>,<b>,3,1,<e>,<b>,2,1,<e>,<b>,3,2,1,<e>,<b>,3,2,1,<e>,<b>,3,2,1,<e>,<b>,2,1,<e>,<b>,2,1,<e>,<b>,3,2,1,<e>,,,,,,,,,,,,,,,,,,,,,,,,,,,,,,,,,,,,,,,,,,,,,,,,,,,,,,,,,,,,,,,,,,,,,,,,,,,,,,,,,,,,,,,,,,,,,,,,,,,,,,,,,,,,,,,,,,,,,,,,,,,,,,,,,,,,,,,,,,,,,,,,,,
23020,<b>,2,1,<e>,<b>,2,1,2,1,<e>,<b>,2,3,1,<e>,<b>,2,5,1,<e>,<b>,2,1,2,1,2,1,<e>,<b>,3,1,<e>,<b>,2,1,5,2,1,<e>,<b>,2,1,<e>,<b>,2,1,<e>,,,,,,,,,,,,,,,,,,,,,,,,,,,,,,,,,,,,,,,,,,,,,,,,,,,,,,,,,,,,,,,,,,,,,,,,,,,,,,,,,,,,,,,,,,,,,,,,,,,,,,,,,,,,,,,,,,,,,,,,,,,,,,,,,,,,,,,,,,,,,,,,,,,,,,,,,,,,,,,,,,,,,,,,,,,,,,,,,,,
23026,<b>,4,1,<e>,<b>,3,4,1,<e>,<b>,3,4,3,1,<e>,<b>,3,4,3,1,<e>,<b>,3,1,<e>,<b>,3,4,3,1,<e>,<b>,3,4,3,1,<e>,<b>,3,4,3,1,<e>,<b>,2,1,<e>,<b>,3,1,<e>,<b>,4,3,1,<e>,<b>,3,1,<e>,<b>,4,3,1,<e>,<b>,3,1,<e>,<b>,3,4,3,1,<e>,<b>,3,4,3,1,<e>,<b>,4,1,<e>,<b>,3,4,1,<e>,,,,,,,,,,,,,,,,,,,,,,,,,,,,,,,,,,,,,,,,,,,,,,,,,,,,,,,,,,,,,,,,,,,,,,,,,,,,,,,,,,,,,,,,,,,,,,,,,,,,,,,,,,,,,,,,,,,,,,,,,,,,,,,,,,,,,,,,
23102,<b>,3,2,2,1,3,2,1,<e>,<b>,5,1,5,2,5,1,2,1,5,1,<e>,<b>,5,2,1,2,1,2,1,5,1,<e>,<b>,3,2,1,5,2,1,<e>,<b>,2,1,5,2,1,5,2,1,<e>,<b>,3,5,1,<e>,<b>,2,1,3,1,<e>,<b>,5,1,3,2,1,2,1,5,1,2,1,<e>,<b>,5,2,1,5,2,1,<e>,<b>,3,1,3,1,<e>,<b>,2,1,3,1,3,1,<e>,<b>,2,1,3,5,1,<e>,<b>,3,1,3,1,<e>,<b>,3,1,5,1,<e>,<b>,3,1,2,1,3,5,1,<e>,<b>,2,1,3,1,3,1,<e>,<b>,3,1,<e>,<b>,3,1,<e>,<b>,3.0,1.0,2,1,2,1,<e>,<b>,5,2,2.0,2,1,<e>,<b>,3.0,1.0,5,1,<e>,<b>,5,2,2.0,1,3,1,<e>,<b>,3.0,1.0,5,1,<e>,,,,,,,,,,,,,,,,,,,,,,,,,,,,,,,,,,,,,,,,,,,,,,,,,,,
23153,<b>,4,4,2,1,<e>,<b>,4,1,<e>,<b>,4,5,2,1,<e>,<b>,5,1,<e>,<b>,2,1,<e>,<b>,4,1,<e>,<b>,4,2,4,1,<e>,<b>,4,2,1,<e>,<b>,5,2,1,<e>,<b>,4,1,2,1,<e>,<b>,2,1,<e>,<b>,4,2,1,<e>,<b>,4,2,1,<e>,<b>,4,1,<e>,<b>,4,2,1,<e>,<b>,2,1,<e>,,,,,,,,,,,,,,,,,,,,,,,,,,,,,,,,,,,,,,,,,,,,,,,,,,,,,,,,,,,,,,,,,,,,,,,,,,,,,,,,,,,,,,,,,,,,,,,,,,,,,,,,,,,,,,,,,,,,,,,,,,,,,,,,,,,,,,,,,,,,,,,,,,,,,
23206,<b>,3,1,<e>,<b>,3,1,<e>,<b>,3,1,<e>,<b>,2,1,<e>,<b>,5,1,<e>,<b>,3,1,<e>,<b>,3,1,<e>,<b>,3,1,<e>,<b>,3,1,<e>,<b>,3,1,<e>,<b>,5,2,1,<e>,<b>,2,5,1,<e>,<b>,2,1,<e>,<b>,2,1,<e>,<b>,5,2,1,<e>,<b>,2,1,<e>,,,,,,,,,,,,,,,,,,,,,,,,,,,,,,,,,,,,,,,,,,,,,,,,,,,,,,,,,,,,,,,,,,,,,,,,,,,,,,,,,,,,,,,,,,,,,,,,,,,,,,,,,,,,,,,,,,,,,,,,,,,,,,,,,,,,,,,,,,,,,,,,,,,,,,,,,,,,,,,
23013,<b>,3,1,<e>,<b>,2,1,<e>,,,,,,,,,,,,,,,,,,,,,,,,,,,,,,,,,,,,,,,,,,,,,,,,,,,,,,,,,,,,,,,,,,,,,,,,,,,,,,,,,,,,,,,,,,,,,,,,,,,,,,,,,,,,,,,,,,,,,,,,,,,,,,,,,,,,,,,,,,,,,,,,,,,,,,,,,,,,,,,,,,,,,,,,,,,,,,,,,,,,,,,,,,,,,,,,,,,,,,,,,,,,,,,,,,,,,,,,,,
23022,<b>,5,3,3,5,1,<e>,<b>,5,3,5,1,<e>,<b>,5,3,5,1,<e>,<b>,5,1,<e>,<b>,5,1,<e>,,,,,,,,,,,,,,,,,,,,,,,,,,,,,,,,,,,,,,,,,,,,,,,,,,,,,,,,,,,,,,,,,,,,,,,,,,,,,,,,,,,,,,,,,,,,,,,,,,,,,,,,,,,,,,,,,,,,,,,,,,,,,,,,,,,,,,,,,,,,,,,,,,,,,,,,,,,,,,,,,,,,,,,,,,,,,,,,,,,,,,,,,,,,,,,,,,,,,,,
23029,<b>,3,1,<e>,,,,,,,,,,,,,,,,,,,,,,,,,,,,,,,,,,,,,,,,,,,,,,,,,,,,,,,,,,,,,,,,,,,,,,,,,,,,,,,,,,,,,,,,,,,,,,,,,,,,,,,,,,,,,,,,,,,,,,,,,,,,,,,,,,,,,,,,,,,,,,,,,,,,,,,,,,,,,,,,,,,,,,,,,,,,,,,,,,,,,,,,,,,,,,,,,,,,,,,,,,,,,,,,,,,,,,,,,,,,,,
23087,<b>,2,2,1,<e>,<b>,2,1,<e>,<b>,2,1,<e>,<b>,2,1,<e>,<b>,2,1,<e>,<b>,2,1,<e>,<b>,2,1,<e>,<b>,2,1,<e>,<b>,2,1,<e>,<b>,2,1,<e>,,,,,,,,,,,,,,,,,,,,,,,,,,,,,,,,,,,,,,,,,,,,,,,,,,,,,,,,,,,,,,,,,,,,,,,,,,,,,,,,,,,,,,,,,,,,,,,,,,,,,,,,,,,,,,,,,,,,,,,,,,,,,,,,,,,,,,,,,,,,,,,,,,,,,,,,,,,,,,,,,,,,,,,,,,,,,,,,,,,,,,,,,
23094,<b>,3,1,<e>,<b>,3,1,2,1,<e>,<b>,3,1,<e>,<b>,3,2,3,1,<e>,<b>,3,2,1,<e>,<b>,3,2,3,1,<e>,<b>,3,2,3,1,2,1,<e>,<b>,3,2,1,2,1,<e>,<b>,2,1,<e>,<b>,3,1,2,1,<e>,<b>,3,2,3,1,<e>,<b>,3,2,3,1,<e>,<b>,3,2,3,1,<e>,<b>,3,2,3,1,<e>,<b>,3,2,3,1,<e>,<b>,3,2,3,1,<e>,<b>,3,2,3,1,<e>,<b>,3,1,<e>,<b>,3,1,<e>,,,,,,,,,,,,,,,,,,,,,,,,,,,,,,,,,,,,,,,,,,,,,,,,,,,,,,,,,,,,,,,,,,,,,,,,,,,,,,,,,,,,,,,,,,,,,,,,,,,,,,,,,,,,,,,,,,,,,,,,
23115,<b>,3,1,<e>,<b>,4,1,<e>,<b>,2,1,<e>,<b>,2,1,<e>,<b>,2,1,<e>,<b>,2,1,<e>,<b>,3,2,1,<e>,<b>,3,2,1,<e>,<b>,2,3,1,<e>,,,,,,,,,,,,,,,,,,,,,,,,,,,,,,,,,,,,,,,,,,,,,,,,,,,,,,,,,,,,,,,,,,,,,,,,,,,,,,,,,,,,,,,,,,,,,,,,,,,,,,,,,,,,,,,,,,,,,,,,,,,,,,,,,,,,,,,,,,,,,,,,,,,,,,,,,,,,,,,,,,,,,,,,,,,,,,,,,,,,,,,,,,,
23131,<b>,3,1,<e>,<b>,3,1,<e>,,,,,,,,,,,,,,,,,,,,,,,,,,,,,,,,,,,,,,,,,,,,,,,,,,,,,,,,,,,,,,,,,,,,,,,,,,,,,,,,,,,,,,,,,,,,,,,,,,,,,,,,,,,,,,,,,,,,,,,,,,,,,,,,,,,,,,,,,,,,,,,,,,,,,,,,,,,,,,,,,,,,,,,,,,,,,,,,,,,,,,,,,,,,,,,,,,,,,,,,,,,,,,,,,,,,,,,,,,
23145,<b>,3,1,<e>,<b>,3,4,1,<e>,<b>,2,1,<e>,<b>,2,1,<e>,<b>,3,2,5,1,<e>,<b>,3,1,<e>,<b>,3,1,<e>,<b>,3,2,1,<e>,<b>,2,1,<e>,<b>,2,1,<e>,<b>,2,1,<e>,<b>,2,1,<e>,<b>,3,2,1,<e>,<b>,3,4,1,<e>,<b>,3,2,1,<e>,<b>,3,2,1,<e>,<b>,5,3,2,1,<e>,<b>,3,1,<e>,<b>,2,1,<e>,<b>,3,2,1,<e>,,,,,,,,,,,,,,,,,,,,,,,,,,,,,,,,,,,,,,,,,,,,,,,,,,,,,,,,,,,,,,,,,,,,,,,,,,,,,,,,,,,,,,,,,,,,,,,,,,,,,,,,,,,,,,,,,,,,,,,,,,,,,,,,,,,,,,,
23190,<b>,3,5,3,1,<e>,,,,,,,,,,,,,,,,,,,,,,,,,,,,,,,,,,,,,,,,,,,,,,,,,,,,,,,,,,,,,,,,,,,,,,,,,,,,,,,,,,,,,,,,,,,,,,,,,,,,,,,,,,,,,,,,,,,,,,,,,,,,,,,,,,,,,,,,,,,,,,,,,,,,,,,,,,,,,,,,,,,,,,,,,,,,,,,,,,,,,,,,,,,,,,,,,,,,,,,,,,,,,,,,,,,,,,,,,,,,
23195,<b>,3,1,<e>,<b>,3,1,<e>,<b>,3,1,<e>,<b>,3,1,<e>,<b>,3,1,<e>,<b>,3,5,1,<e>,<b>,3,1,<e>,<b>,3,1,<e>,<b>,3,1,<e>,<b>,5,2,1,<e>,<b>,3,1,<e>,<b>,2,1,<e>,<b>,2,1,<e>,<b>,5,1,<e>,<b>,3,2,3,1,<e>,<b>,3,1,<e>,<b>,5,1,<e>,<b>,3,1,<e>,<b>,3,2,1,<e>,<b>,3,4,1,<e>,<b>,3,1,<e>,<b>,3,2,1,5,1,<e>,<b>,2,1,<e>,<b>,3,1,<e>,,,,,,,,,,,,,,,,,,,,,,,,,,,,,,,,,,,,,,,,,,,,,,,,,,,,,,,,,,,,,,,,,,,,,,,,,,,,,,,,,,,,,,,,,,,,,,,,,,,,,,,,,,,,,,,,,,,,,,,,,
23199,<b>,3,1,<e>,<b>,3,1,<e>,<b>,3,1,<e>,<b>,3,1,<e>,<b>,3,1,<e>,<b>,3,1,<e>,<b>,3,1,<e>,<b>,3,1,<e>,,,,,,,,,,,,,,,,,,,,,,,,,,,,,,,,,,,,,,,,,,,,,,,,,,,,,,,,,,,,,,,,,,,,,,,,,,,,,,,,,,,,,,,,,,,,,,,,,,,,,,,,,,,,,,,,,,,,,,,,,,,,,,,,,,,,,,,,,,,,,,,,,,,,,,,,,,,,,,,,,,,,,,,,,,,,,,,,,,,,,,,,,,,,,,,,,,
23230,<b>,3,3,1,<e>,<b>,3,1,<e>,<b>,2,5,1,2,1,<e>,<b>,2,5,1,<e>,<b>,3,5,1,<e>,<b>,5,1,<e>,<b>,5,1,<e>,<b>,5,1,<e>,<b>,5,1,<e>,,,,,,,,,,,,,,,,,,,,,,,,,,,,,,,,,,,,,,,,,,,,,,,,,,,,,,,,,,,,,,,,,,,,,,,,,,,,,,,,,,,,,,,,,,,,,,,,,,,,,,,,,,,,,,,,,,,,,,,,,,,,,,,,,,,,,,,,,,,,,,,,,,,,,,,,,,,,,,,,,,,,,,,,,,,,,,,,,,,,,,,,
23008,<b>,3,1,<e>,<b>,2,1,<e>,<b>,3,2,1,<e>,<b>,3,1,<e>,<b>,2,1,<e>,<b>,5,2,1,<e>,<b>,3,1,<e>,<b>,3,2,1,<e>,<b>,3,5,2,1,<e>,<b>,3,2,1,<e>,<b>,3,1,<e>,,,,,,,,,,,,,,,,,,,,,,,,,,,,,,,,,,,,,,,,,,,,,,,,,,,,,,,,,,,,,,,,,,,,,,,,,,,,,,,,,,,,,,,,,,,,,,,,,,,,,,,,,,,,,,,,,,,,,,,,,,,,,,,,,,,,,,,,,,,,,,,,,,,,,,,,,,,,,,,,,,,,,,,,,,,,,,,,
23012,<b>,4,1,<e>,<b>,4,2,1,<e>,<b>,3,2,1,<e>,<b>,2,1,<e>,<b>,3,1,<e>,<b>,4,3,1,<e>,<b>,3,2,1,<e>,<b>,3,1,<e>,<b>,3,1,<e>,<b>,3,4,3,2,1,<e>,<b>,3,1,<e>,<b>,2,4,2,1,<e>,<b>,3,1,<e>,<b>,4,3,1,<e>,<b>,4,3,4,1,<e>,<b>,4,2,1,<e>,<b>,3,1,<e>,<b>,4,2,1,<e>,<b>,3,1,<e>,<b>,3,1,<e>,<b>,5,1,<e>,<b>,4,3,2,1,<e>,,,,,,,,,,,,,,,,,,,,,,,,,,,,,,,,,,,,,,,,,,,,,,,,,,,,,,,,,,,,,,,,,,,,,,,,,,,,,,,,,,,,,,,,,,,,,,,,,,,,,,,,,,,,,,,,,,,,,,,,,,
23077,<b>,2,1,<e>,,,,,,,,,,,,,,,,,,,,,,,,,,,,,,,,,,,,,,,,,,,,,,,,,,,,,,,,,,,,,,,,,,,,,,,,,,,,,,,,,,,,,,,,,,,,,,,,,,,,,,,,,,,,,,,,,,,,,,,,,,,,,,,,,,,,,,,,,,,,,,,,,,,,,,,,,,,,,,,,,,,,,,,,,,,,,,,,,,,,,,,,,,,,,,,,,,,,,,,,,,,,,,,,,,,,,,,,,,,,,,
23151,<b>,4,2,1,<e>,<b>,4,2,1,<e>,<b>,3,2,1,<e>,<b>,5,4,2,1,<e>,<b>,4,1,2,1,<e>,<b>,2,1,<e>,<b>,2,1,<e>,<b>,2,1,<e>,<b>,2,1,<e>,<b>,2,1,<e>,<b>,2,1,<e>,<b>,2,1,<e>,,,,,,,,,,,,,,,,,,,,,,,,,,,,,,,,,,,,,,,,,,,,,,,,,,,,,,,,,,,,,,,,,,,,,,,,,,,,,,,,,,,,,,,,,,,,,,,,,,,,,,,,,,,,,,,,,,,,,,,,,,,,,,,,,,,,,,,,,,,,,,,,,,,,,,,,,,,,,,,,,,,,,,,,,,,
23220,<b>,3,1,<e>,<b>,3,1,<e>,<b>,3,1,<e>,<b>,3,1,<e>,,,,,,,,,,,,,,,,,,,,,,,,,,,,,,,,,,,,,,,,,,,,,,,,,,,,,,,,,,,,,,,,,,,,,,,,,,,,,,,,,,,,,,,,,,,,,,,,,,,,,,,,,,,,,,,,,,,,,,,,,,,,,,,,,,,,,,,,,,,,,,,,,,,,,,,,,,,,,,,,,,,,,,,,,,,,,,,,,,,,,,,,,,,,,,,,,,,,,,,,,,,,,,,,,,
23049,<b>,2,1,<e>,<b>,2,1,<e>,<b>,2,1,<e>,<b>,2,1,<e>,<b>,2,1,<e>,<b>,2,1,<e>,<b>,2,1,<e>,<b>,2,1,<e>,<b>,2,1,<e>,<b>,2,1,<e>,<b>,2,1,<e>,,,,,,,,,,,,,,,,,,,,,,,,,,,,,,,,,,,,,,,,,,,,,,,,,,,,,,,,,,,,,,,,,,,,,,,,,,,,,,,,,,,,,,,,,,,,,,,,,,,,,,,,,,,,,,,,,,,,,,,,,,,,,,,,,,,,,,,,,,,,,,,,,,,,,,,,,,,,,,,,,,,,,,,,,,,,,,,,,,,,,,
23055,<b>,5,2,1,<e>,<b>,5,1,<e>,,,,,,,,,,,,,,,,,,,,,,,,,,,,,,,,,,,,,,,,,,,,,,,,,,,,,,,,,,,,,,,,,,,,,,,,,,,,,,,,,,,,,,,,,,,,,,,,,,,,,,,,,,,,,,,,,,,,,,,,,,,,,,,,,,,,,,,,,,,,,,,,,,,,,,,,,,,,,,,,,,,,,,,,,,,,,,,,,,,,,,,,,,,,,,,,,,,,,,,,,,,,,,,,,,,,,,,,,
23078,<b>,3,1,<e>,<b>,3,1,<e>,<b>,3,1,<e>,<b>,3,1,<e>,<b>,3,1,<e>,<b>,3,1,<e>,<b>,3,1,<e>,<b>,3,1,<e>,<b>,2,1,<e>,<b>,3,1,<e>,<b>,3,1,<e>,<b>,3,1,<e>,<b>,3,4,1,<e>,<b>,3,4,1,<e>,<b>,3,4,1,<e>,<b>,3,4,1,<e>,<b>,3,4,1,<e>,<b>,3,4,1,<e>,,,,,,,,,,,,,,,,,,,,,,,,,,,,,,,,,,,,,,,,,,,,,,,,,,,,,,,,,,,,,,,,,,,,,,,,,,,,,,,,,,,,,,,,,,,,,,,,,,,,,,,,,,,,,,,,,,,,,,,,,,,,,,,,,,,,,,,,,,,,,,,,,,,,
23160,<b>,5,1,<e>,<b>,5,1,<e>,,,,,,,,,,,,,,,,,,,,,,,,,,,,,,,,,,,,,,,,,,,,,,,,,,,,,,,,,,,,,,,,,,,,,,,,,,,,,,,,,,,,,,,,,,,,,,,,,,,,,,,,,,,,,,,,,,,,,,,,,,,,,,,,,,,,,,,,,,,,,,,,,,,,,,,,,,,,,,,,,,,,,,,,,,,,,,,,,,,,,,,,,,,,,,,,,,,,,,,,,,,,,,,,,,,,,,,,,,
23213,<b>,2,1,<e>,<b>,2,1,<e>,<b>,2,1,<e>,,,,,,,,,,,,,,,,,,,,,,,,,,,,,,,,,,,,,,,,,,,,,,,,,,,,,,,,,,,,,,,,,,,,,,,,,,,,,,,,,,,,,,,,,,,,,,,,,,,,,,,,,,,,,,,,,,,,,,,,,,,,,,,,,,,,,,,,,,,,,,,,,,,,,,,,,,,,,,,,,,,,,,,,,,,,,,,,,,,,,,,,,,,,,,,,,,,,,,,,,,,,,,,,,,,,,,
23229,<b>,2,1,2,1,<e>,<b>,2,1,<e>,<b>,4,1,<e>,<b>,3,1,<e>,<b>,2,5,2,1,<e>,<b>,2,1,<e>,<b>,4,1,<e>,<b>,4,2,1,<e>,<b>,4,2,3,1,<e>,<b>,4,2,4,1,<e>,<b>,2,1,<e>,,,,,,,,,,,,,,,,,,,,,,,,,,,,,,,,,,,,,,,,,,,,,,,,,,,,,,,,,,,,,,,,,,,,,,,,,,,,,,,,,,,,,,,,,,,,,,,,,,,,,,,,,,,,,,,,,,,,,,,,,,,,,,,,,,,,,,,,,,,,,,,,,,,,,,,,,,,,,,,,,,,,,,,,,,,,,
23231,<b>,5,1,<e>,<b>,2,5,1,<e>,<b>,5,2,1,<e>,<b>,5,1,<e>,<b>,5,1,<e>,<b>,5,1,<e>,,,,,,,,,,,,,,,,,,,,,,,,,,,,,,,,,,,,,,,,,,,,,,,,,,,,,,,,,,,,,,,,,,,,,,,,,,,,,,,,,,,,,,,,,,,,,,,,,,,,,,,,,,,,,,,,,,,,,,,,,,,,,,,,,,,,,,,,,,,,,,,,,,,,,,,,,,,,,,,,,,,,,,,,,,,,,,,,,,,,,,,,,,,,,,,,,,,,,,,,
23017,<b>,3,2,1,<e>,<b>,2,1,<e>,<b>,2,1,<e>,<b>,3,1,<e>,<b>,3,1,<e>,<b>,4,1,<e>,,,,,,,,,,,,,,,,,,,,,,,,,,,,,,,,,,,,,,,,,,,,,,,,,,,,,,,,,,,,,,,,,,,,,,,,,,,,,,,,,,,,,,,,,,,,,,,,,,,,,,,,,,,,,,,,,,,,,,,,,,,,,,,,,,,,,,,,,,,,,,,,,,,,,,,,,,,,,,,,,,,,,,,,,,,,,,,,,,,,,,,,,,,,,,,,,,,,,,,,,
23038,<b>,3,3,4,1,<e>,<b>,3,4,1,<e>,<b>,3,1,<e>,<b>,3,4,1,<e>,<b>,3,1,<e>,<b>,3,1,<e>,<b>,3,1,<e>,<b>,5,1,<e>,<b>,3,4,1,<e>,<b>,4,1,<e>,<b>,3,1,<e>,<b>,3,1,<e>,,,,,,,,,,,,,,,,,,,,,,,,,,,,,,,,,,,,,,,,,,,,,,,,,,,,,,,,,,,,,,,,,,,,,,,,,,,,,,,,,,,,,,,,,,,,,,,,,,,,,,,,,,,,,,,,,,,,,,,,,,,,,,,,,,,,,,,,,,,,,,,,,,,,,,,,,,,,,,,,,,,,,,,,,,,,,
23120,<b>,3,1,<e>,<b>,3,2,1,<e>,<b>,5,1,<e>,<b>,5,1,<e>,<b>,2,1,2,1,<e>,<b>,5,2,1,<e>,<b>,3,1,<e>,<b>,5,1,<e>,<b>,5,1,<e>,<b>,5,1,<e>,<b>,3,1,<e>,<b>,3,1,<e>,<b>,5,1,<e>,<b>,5,1,<e>,<b>,5,1,<e>,<b>,3,2,1,<e>,,,,,,,,,,,,,,,,,,,,,,,,,,,,,,,,,,,,,,,,,,,,,,,,,,,,,,,,,,,,,,,,,,,,,,,,,,,,,,,,,,,,,,,,,,,,,,,,,,,,,,,,,,,,,,,,,,,,,,,,,,,,,,,,,,,,,,,,,,,,,,,,,,,,,,,,,,,,,
23212,<b>,3,1,<e>,<b>,3,1,<e>,<b>,3,1,<e>,<b>,3,1,<e>,<b>,5,2,1,2,1,<e>,<b>,2,1,<e>,<b>,3,1,<e>,<b>,2,1,<e>,<b>,2,1,<e>,<b>,2,1,<e>,<b>,3,1,<e>,<b>,3,1,<e>,<b>,3,5,2,1,<e>,<b>,3,2,1,<e>,<b>,3,2,1,<e>,<b>,3,1,<e>,<b>,3,1,<e>,<b>,5,1,2,1,<e>,<b>,2,1,<e>,<b>,5,2,1,<e>,<b>,3,1,<e>,,,,,,,,,,,,,,,,,,,,,,,,,,,,,,,,,,,,,,,,,,,,,,,,,,,,,,,,,,,,,,,,,,,,,,,,,,,,,,,,,,,,,,,,,,,,,,,,,,,,,,,,,,,,,,,,,,,,,,,,,,,,,,,,,,,,
23204,<b>,5,1,<e>,<b>,5,1,<e>,,,,,,,,,,,,,,,,,,,,,,,,,,,,,,,,,,,,,,,,,,,,,,,,,,,,,,,,,,,,,,,,,,,,,,,,,,,,,,,,,,,,,,,,,,,,,,,,,,,,,,,,,,,,,,,,,,,,,,,,,,,,,,,,,,,,,,,,,,,,,,,,,,,,,,,,,,,,,,,,,,,,,,,,,,,,,,,,,,,,,,,,,,,,,,,,,,,,,,,,,,,,,,,,,,,,,,,,,,
23117,<b>,3,5,5,1,<e>,<b>,3,2,1,<e>,<b>,5,1,<e>,<b>,3,1,<e>,<b>,3,1,<e>,<b>,2,1,<e>,,,,,,,,,,,,,,,,,,,,,,,,,,,,,,,,,,,,,,,,,,,,,,,,,,,,,,,,,,,,,,,,,,,,,,,,,,,,,,,,,,,,,,,,,,,,,,,,,,,,,,,,,,,,,,,,,,,,,,,,,,,,,,,,,,,,,,,,,,,,,,,,,,,,,,,,,,,,,,,,,,,,,,,,,,,,,,,,,,,,,,,,,,,,,,,,,,,,,,,
23135,<b>,5,2,5,4,2,1,<e>,<b>,2,1,2,1,<e>,,,,,,,,,,,,,,,,,,,,,,,,,,,,,,,,,,,,,,,,,,,,,,,,,,,,,,,,,,,,,,,,,,,,,,,,,,,,,,,,,,,,,,,,,,,,,,,,,,,,,,,,,,,,,,,,,,,,,,,,,,,,,,,,,,,,,,,,,,,,,,,,,,,,,,,,,,,,,,,,,,,,,,,,,,,,,,,,,,,,,,,,,,,,,,,,,,,,,,,,,,,,,,,,,,,,
23237,<b>,5,1,<e>,<b>,2,1,<e>,<b>,2,1,<e>,<b>,4,1,<e>,<b>,4,2,1,<e>,<b>,2,1,<e>,<b>,2,1,2,1,<e>,<b>,4,1,<e>,<b>,2,4,1,2,1,<e>,,,,,,,,,,,,,,,,,,,,,,,,,,,,,,,,,,,,,,,,,,,,,,,,,,,,,,,,,,,,,,,,,,,,,,,,,,,,,,,,,,,,,,,,,,,,,,,,,,,,,,,,,,,,,,,,,,,,,,,,,,,,,,,,,,,,,,,,,,,,,,,,,,,,,,,,,,,,,,,,,,,,,,,,,,,,,,,,,,,,,,,,
23165,<b>,4,1,<e>,<b>,2,1,<e>,<b>,2,1,<e>,<b>,4,1,<e>,<b>,5,1,<e>,<b>,4,1,<e>,<b>,4,5,1,<e>,,,,,,,,,,,,,,,,,,,,,,,,,,,,,,,,,,,,,,,,,,,,,,,,,,,,,,,,,,,,,,,,,,,,,,,,,,,,,,,,,,,,,,,,,,,,,,,,,,,,,,,,,,,,,,,,,,,,,,,,,,,,,,,,,,,,,,,,,,,,,,,,,,,,,,,,,,,,,,,,,,,,,,,,,,,,,,,,,,,,,,,,,,,,,,,,,,,,,
23183,<b>,5,3,1,<e>,<b>,5,2,5,1,<e>,<b>,3,1,<e>,<b>,3,1,<e>,,,,,,,,,,,,,,,,,,,,,,,,,,,,,,,,,,,,,,,,,,,,,,,,,,,,,,,,,,,,,,,,,,,,,,,,,,,,,,,,,,,,,,,,,,,,,,,,,,,,,,,,,,,,,,,,,,,,,,,,,,,,,,,,,,,,,,,,,,,,,,,,,,,,,,,,,,,,,,,,,,,,,,,,,,,,,,,,,,,,,,,,,,,,,,,,,,,,,,,,,,,,,,,
23216,<b>,3,1,<e>,<b>,2,1,<e>,<b>,2,1,<e>,<b>,3,4,1,<e>,<b>,3,1,<e>,<b>,3,1,<e>,,,,,,,,,,,,,,,,,,,,,,,,,,,,,,,,,,,,,,,,,,,,,,,,,,,,,,,,,,,,,,,,,,,,,,,,,,,,,,,,,,,,,,,,,,,,,,,,,,,,,,,,,,,,,,,,,,,,,,,,,,,,,,,,,,,,,,,,,,,,,,,,,,,,,,,,,,,,,,,,,,,,,,,,,,,,,,,,,,,,,,,,,,,,,,,,,,,,,,,,,
23033,<b>,2,1,<e>,<b>,2,1,<e>,,,,,,,,,,,,,,,,,,,,,,,,,,,,,,,,,,,,,,,,,,,,,,,,,,,,,,,,,,,,,,,,,,,,,,,,,,,,,,,,,,,,,,,,,,,,,,,,,,,,,,,,,,,,,,,,,,,,,,,,,,,,,,,,,,,,,,,,,,,,,,,,,,,,,,,,,,,,,,,,,,,,,,,,,,,,,,,,,,,,,,,,,,,,,,,,,,,,,,,,,,,,,,,,,,,,,,,,,,
23052,<b>,2,1,<e>,<b>,4,2,1,<e>,<b>,3,2,1,<e>,<b>,4,2,3,1,<e>,<b>,4,3,2,1,<e>,<b>,3,2,1,<e>,<b>,4,3,1,<e>,<b>,4,3,1,<e>,<b>,4,5,4,2,4,2,3,1,<e>,<b>,4,2,1,<e>,,,,,,,,,,,,,,,,,,,,,,,,,,,,,,,,,,,,,,,,,,,,,,,,,,,,,,,,,,,,,,,,,,,,,,,,,,,,,,,,,,,,,,,,,,,,,,,,,,,,,,,,,,,,,,,,,,,,,,,,,,,,,,,,,,,,,,,,,,,,,,,,,,,,,,,,,,,,,,,,,,,,,,,,,,
23174,<b>,2,1,<e>,<b>,4,1,<e>,,,,,,,,,,,,,,,,,,,,,,,,,,,,,,,,,,,,,,,,,,,,,,,,,,,,,,,,,,,,,,,,,,,,,,,,,,,,,,,,,,,,,,,,,,,,,,,,,,,,,,,,,,,,,,,,,,,,,,,,,,,,,,,,,,,,,,,,,,,,,,,,,,,,,,,,,,,,,,,,,,,,,,,,,,,,,,,,,,,,,,,,,,,,,,,,,,,,,,,,,,,,,,,,,,,,,,,,,,
23200,<b>,3,1,<e>,,,,,,,,,,,,,,,,,,,,,,,,,,,,,,,,,,,,,,,,,,,,,,,,,,,,,,,,,,,,,,,,,,,,,,,,,,,,,,,,,,,,,,,,,,,,,,,,,,,,,,,,,,,,,,,,,,,,,,,,,,,,,,,,,,,,,,,,,,,,,,,,,,,,,,,,,,,,,,,,,,,,,,,,,,,,,,,,,,,,,,,,,,,,,,,,,,,,,,,,,,,,,,,,,,,,,,,,,,,,,,
23085,<b>,2,1,<e>,<b>,2,1,<e>,<b>,2,1,<e>,<b>,4,1,<e>,,,,,,,,,,,,,,,,,,,,,,,,,,,,,,,,,,,,,,,,,,,,,,,,,,,,,,,,,,,,,,,,,,,,,,,,,,,,,,,,,,,,,,,,,,,,,,,,,,,,,,,,,,,,,,,,,,,,,,,,,,,,,,,,,,,,,,,,,,,,,,,,,,,,,,,,,,,,,,,,,,,,,,,,,,,,,,,,,,,,,,,,,,,,,,,,,,,,,,,,,,,,,,,,,,
