user_id,0,1,2,3,4,5,6,7,8,9,10,11,12,13,14,15,16,17,18,19,20,21,22,23,24,25,26,27,28,29,30,31,32,33,34,35,36,37,38,39,40,41,42,43,44,45,46,47,48,49,50,51,52,53,54,55,56,57,58,59,60,61,62,63,64,65,66,67,68,69,70,71,72,73,74,75,76,77,78,79,80,81,82,83,84,85,86,87,88,89,90,91,92,93,94,95,96,97,98,99,100,101,102,103,104,105,106,107,108,109,110,111,112,113,114,115,116,117,118,119,120,121,122,123,124,125,126,127,128,129,130,131,132,133,134,135,136,137,138,139,140,141,142,143,144,145,146,147,148,149,150,151,152,153,154,155,156,157,158,159,160,161,162,163,164,165,166,167,168,169,170,171,172,173,174,175,176,177,178,179,180,181,182,183,184,185,186,187,188,189,190,191,192,193,194,195,196,197,198,199,200,201,202,203,204,205,206,207,208,209,210,211,212,213,214,215,216,217,218,219,220,221,222,223,224,225
23001,<b>,310,300,110,<e>,<b>,310,310,110,<e>,<b>,310,310,110,110,<e>,<b>,310,200,310,310,310,110,<e>,<b>,310,310,110,<e>,<b>,310,310,110,<e>,<b>,310,310,310,110,<e>,<b>,310,310,310,110,<e>,<b>,310,310,310,310,310,110,<e>,<b>,310,310,110,<e>,<b>,200,110,<e>,<b>,200,110,<e>,<b>,200,110,<e>,<b>,310,310,310,310,110,<e>,<b>,310,310,110,<e>,<b>,200,110,<e>,<b>,310,110,<e>,<b>,310,310,110,<e>,<b>,310,310,110,<e>,<b>,200,110,<e>,<b>,200,110,<e>,<b>,310,200,110,200,110,<e>,,,,,,,,,,,,,,,,,,,,,,,,,,,,,,,,,,,,,,,,,,,,,,,,,,,,,,,,,,,,,,,,,,,,,,,,,,,,,,,,,,,,,,,,,,,,,,,,,,,,,,,,,,,,,,
23002,<b>,300,999,210,300,210,110,<e>,<b>,300,210,300,200,200,200,210,110,<e>,<b>,300,200,210,300,210,210,999,210,210,110,<e>,<b>,300,210,300,200,200,200,110,<e>,<b>,300,200,210,200,300,210,210,110,<e>,<b>,200,200,110,300,200,200,200,200,200,110,<e>,<b>,300,210,300,200,200,998,998,200,110,<e>,,,,,,,,,,,,,,,,,,,,,,,,,,,,,,,,,,,,,,,,,,,,,,,,,,,,,,,,,,,,,,,,,,,,,,,,,,,,,,,,,,,,,,,,,,,,,,,,,,,,,,,,,,,,,,,,,,,,,,,,,,,,,,,,,,,,,,,,,,,,,,,,,,,,,,,,,,
23003,<b>,300,110,<e>,<b>,300,110,<e>,<b>,210,210,110,<e>,<b>,210,110,<e>,<b>,210,110,<e>,<b>,210,110,<e>,<b>,210,110,<e>,<b>,300,110,<e>,<b>,210,110,<e>,,,,,,,,,,,,,,,,,,,,,,,,,,,,,,,,,,,,,,,,,,,,,,,,,,,,,,,,,,,,,,,,,,,,,,,,,,,,,,,,,,,,,,,,,,,,,,,,,,,,,,,,,,,,,,,,,,,,,,,,,,,,,,,,,,,,,,,,,,,,,,,,,,,,,,,,,,,,,,,,,,,,,,,,,,,,,,,,,,,,,,,,,,,,,
23005,<b>,400,310,310,310,310,310,110,200,110,<e>,<b>,400,310,310,110,<e>,<b>,400,310,310,110,<e>,<b>,400,310,210,110,<e>,<b>,400,310,310,110,<e>,<b>,400,310,310,110,<e>,<b>,998,110,998,110,<e>,<b>,400,310,310,110,998,110,<e>,<b>,400,310,110,<e>,<b>,400,310,110,<e>,<b>,400,310,310,310,310,110,<e>,<b>,400,310,310,110,<e>,<b>,400,310,310,110,<e>,<b>,400,310,310,110,<e>,<b>,400,310,310,310,200,110,<e>,<b>,400,400,310,200,110,<e>,<b>,400,200,110,<e>,<b>,400,310,310,110,<e>,<b>,400,310,110,200,110,<e>,<b>,400,310,200,110,<e>,<b>,310,310,310,110,<e>,<b>,200,110,200,200,200,200,110,200,110,<e>,<b>,310,400,310,310,110,<e>,<b>,400,310,310.0,310.0,110,<e>,<b>,400,310,310,110,<e>,<b>,400,310.0,110,200,110,<e>,,,,,,,,,,,,,,,,,,,,,,,,,,,,,,,,,,,,,,,,,,,,,,,,,,,,
23010,<b>,300,998,110,<e>,<b>,300,110,<e>,<b>,300,998,110,<e>,<b>,998,110,<e>,<b>,300,998,110,<e>,<b>,998,110,<e>,<b>,998,110,<e>,<b>,300,998,110,<e>,<b>,210,110,<e>,<b>,210,110,110,<e>,<b>,300,998,110,<e>,<b>,300,998,110,<e>,<b>,300,998,110,<e>,<b>,300,998,110,<e>,<b>,998,110,<e>,<b>,300,998,110,<e>,,,,,,,,,,,,,,,,,,,,,,,,,,,,,,,,,,,,,,,,,,,,,,,,,,,,,,,,,,,,,,,,,,,,,,,,,,,,,,,,,,,,,,,,,,,,,,,,,,,,,,,,,,,,,,,,,,,,,,,,,,,,,,,,,,,,,,,,,,,,,,,,,,,,,,,,
23014,<b>,300,110,<e>,<b>,300,110,<e>,<b>,310,110,<e>,<b>,300,110,<e>,<b>,200,110,200,110,<e>,<b>,300,300,200,110,<e>,<b>,300,200,110,<e>,<b>,200,110,<e>,<b>,200,110,<e>,<b>,300,110,<e>,<b>,300,200,110,<e>,<b>,300,200,110,<e>,,,,,,,,,,,,,,,,,,,,,,,,,,,,,,,,,,,,,,,,,,,,,,,,,,,,,,,,,,,,,,,,,,,,,,,,,,,,,,,,,,,,,,,,,,,,,,,,,,,,,,,,,,,,,,,,,,,,,,,,,,,,,,,,,,,,,,,,,,,,,,,,,,,,,,,,,,,,,,,,,,,,,,,,,,,
23023,<b>,210,110,110,<e>,<b>,300,310,300,110,<e>,<b>,300,110,<e>,<b>,300,210,110,<e>,<b>,300,300,210,110,<e>,<b>,300,110,<e>,<b>,998,210,110,<e>,<b>,300,210,110,<e>,<b>,300,110,<e>,<b>,300,110,<e>,<b>,300,110,210,110,<e>,<b>,300,110,<e>,<b>,210,110,<e>,<b>,300,310,210,210,110,<e>,<b>,210,210,110,<e>,<b>,210,200,110,<e>,<b>,300,110,<e>,<b>,300,110,<e>,<b>,300,210,110,<e>,<b>,300,310,310,110,<e>,<b>,300,110,<e>,<b>,300,310,110,210,110,<e>,<b>,300,210,110,<e>,<b>,210,110,210,110,<e>,,,,,,,,,,,,,,,,,,,,,,,,,,,,,,,,,,,,,,,,,,,,,,,,,,,,,,,,,,,,,,,,,,,,,,,,,,,,,,,,,,,,,,,,,,,,,,,,,,,,,,,,,,
23024,<b>,400,110,<e>,<b>,310,310,310,110,<e>,<b>,300,110,<e>,<b>,310,300,110,<e>,<b>,310,110,310,210,210,110,<e>,<b>,200,110,<e>,<b>,300,110,<e>,<b>,310,310,110,<e>,<b>,300,110,300,110,<e>,<b>,310,310,110,<e>,<b>,200,110,<e>,<b>,200,110,<e>,<b>,300,310,110,310,110,<e>,<b>,310,110,<e>,<b>,300,110,<e>,<b>,310,300,110,<e>,<b>,300,110,<e>,<b>,998,300,110,<e>,<b>,310,998,110,<e>,<b>,310,300,110,<e>,<b>,310,310,300,110,<e>,,,,,,,,,,,,,,,,,,,,,,,,,,,,,,,,,,,,,,,,,,,,,,,,,,,,,,,,,,,,,,,,,,,,,,,,,,,,,,,,,,,,,,,,,,,,,,,,,,,,,,,,,,,,,,,,,,,,,,,,,,
23027,<b>,400,400,400,200,200,110,<e>,<b>,400,400,110,110,110,110,<e>,<b>,400,400,400,110,110,<e>,<b>,400,400,110,<e>,<b>,400,400,110,110,<e>,<b>,400,400,400,110,110,<e>,<b>,210,110,<e>,<b>,400,400,110,<e>,<b>,400,210,110,<e>,<b>,400,110,<e>,<b>,998,200,110,998,210,110,<e>,<b>,400,110,<e>,<b>,200,210,110,<e>,<b>,400,110,<e>,<b>,998,110,<e>,<b>,400,110,<e>,<b>,400,110,<e>,<b>,400,110,<e>,<b>,400,110,<e>,<b>,310,200,110,<e>,,,,,,,,,,,,,,,,,,,,,,,,,,,,,,,,,,,,,,,,,,,,,,,,,,,,,,,,,,,,,,,,,,,,,,,,,,,,,,,,,,,,,,,,,,,,,,,,,,,,,,,,,,,,,,,,,,,,,,,,,
23034,<b>,998,200,110,<e>,<b>,998,110,998,200,110,998,110,<e>,<b>,200,110,<e>,<b>,200,110,998,110,<e>,<b>,200,110,998,998,110,<e>,<b>,998,998,998,210,110,<e>,<b>,998,110,998,998,110,<e>,<b>,200,200,200,110,998,110,<e>,<b>,998,110,<e>,<b>,998,110,<e>,<b>,200,110,<e>,<b>,998,110,200,110,<e>,<b>,200,210,110,<e>,<b>,200,210,110,<e>,,,,,,,,,,,,,,,,,,,,,,,,,,,,,,,,,,,,,,,,,,,,,,,,,,,,,,,,,,,,,,,,,,,,,,,,,,,,,,,,,,,,,,,,,,,,,,,,,,,,,,,,,,,,,,,,,,,,,,,,,,,,,,,,,,,,,,,,,,,,,,,,,
23036,<b>,300,110,<e>,<b>,300,110,<e>,<b>,300,110,<e>,<b>,300,110,<e>,<b>,300,110,<e>,<b>,300,110,<e>,<b>,300,110,<e>,<b>,300,110,<e>,<b>,300,110,<e>,<b>,300,110,<e>,<b>,300,110,<e>,<b>,300,110,<e>,,,,,,,,,,,,,,,,,,,,,,,,,,,,,,,,,,,,,,,,,,,,,,,,,,,,,,,,,,,,,,,,,,,,,,,,,,,,,,,,,,,,,,,,,,,,,,,,,,,,,,,,,,,,,,,,,,,,,,,,,,,,,,,,,,,,,,,,,,,,,,,,,,,,,,,,,,,,,,,,,,,,,,,,,,,,,,,,,,
23037,<b>,300,110,<e>,<b>,999,110,<e>,<b>,300,110,<e>,,,,,,,,,,,,,,,,,,,,,,,,,,,,,,,,,,,,,,,,,,,,,,,,,,,,,,,,,,,,,,,,,,,,,,,,,,,,,,,,,,,,,,,,,,,,,,,,,,,,,,,,,,,,,,,,,,,,,,,,,,,,,,,,,,,,,,,,,,,,,,,,,,,,,,,,,,,,,,,,,,,,,,,,,,,,,,,,,,,,,,,,,,,,,,,,,,,,,,,,,,,,,,,,,,,,,,
23040,<b>,300,110,<e>,<b>,300,110,<e>,<b>,300,110,<e>,<b>,300,110,<e>,<b>,210,110,<e>,<b>,210,110,<e>,<b>,200,110,210,110,<e>,<b>,300,110,<e>,<b>,300,300,110,<e>,<b>,300,110,<e>,<b>,300,110,<e>,<b>,300,110,<e>,<b>,300,110,<e>,<b>,200,110,<e>,<b>,300,110,<e>,<b>,300,110,<e>,<b>,300,110,<e>,<b>,300,110,<e>,<b>,300,110,<e>,<b>,300,110,<e>,<b>,210,210,210,110,<e>,<b>,300,110,<e>,,,,,,,,,,,,,,,,,,,,,,,,,,,,,,,,,,,,,,,,,,,,,,,,,,,,,,,,,,,,,,,,,,,,,,,,,,,,,,,,,,,,,,,,,,,,,,,,,,,,,,,,,,,,,,,,,,,,,,,,,,,,,,,,,,,,,
23042,<b>,200,110,200,110,<e>,<b>,210,200,110,<e>,<b>,200,200,110,<e>,<b>,200,200,110,<e>,<b>,210,110,<e>,<b>,300,210,110,<e>,<b>,300,210,110,<e>,<b>,200,110,200,110,<e>,<b>,210,210,110,<e>,<b>,210,110,<e>,<b>,210,200,110,<e>,<b>,210,210,200,110,<e>,<b>,200,200,110,<e>,<b>,300,310,300,210,110,<e>,<b>,300,110,<e>,<b>,210,110,<e>,<b>,210,300,110,<e>,<b>,200,110,<e>,<b>,200,110,<e>,<b>,210,110,<e>,<b>,210,210,110,<e>,<b>,210,110,<e>,<b>,200,200,110,<e>,,,,,,,,,,,,,,,,,,,,,,,,,,,,,,,,,,,,,,,,,,,,,,,,,,,,,,,,,,,,,,,,,,,,,,,,,,,,,,,,,,,,,,,,,,,,,,,,,,,,,,,,,,,,,,,,,,
23044,<b>,998,110,998,110,<e>,<b>,210,110,<e>,<b>,300,110,<e>,<b>,210,110,210,110,<e>,<b>,210,210,110,<e>,<b>,300,210,110,<e>,<b>,300,210,110,<e>,<b>,300,110,<e>,<b>,210,998,110,<e>,,,,,,,,,,,,,,,,,,,,,,,,,,,,,,,,,,,,,,,,,,,,,,,,,,,,,,,,,,,,,,,,,,,,,,,,,,,,,,,,,,,,,,,,,,,,,,,,,,,,,,,,,,,,,,,,,,,,,,,,,,,,,,,,,,,,,,,,,,,,,,,,,,,,,,,,,,,,,,,,,,,,,,,,,,,,,,,,,,,,,,
23045,<b>,300,110,<e>,<b>,200,110,<e>,<b>,200,110,<e>,<b>,998,110,<e>,<b>,200,110,<e>,<b>,200,110,<e>,<b>,200,110,<e>,<b>,210,110,<e>,<b>,210,110,<e>,<b>,210,110,<e>,<b>,200,200,110,110,<e>,<b>,210,110,<e>,<b>,998,110,<e>,<b>,210,110,<e>,<b>,998,110,<e>,<b>,998,110,<e>,<b>,998,110,<e>,<b>,210,110,<e>,<b>,998,110,<e>,,,,,,,,,,,,,,,,,,,,,,,,,,,,,,,,,,,,,,,,,,,,,,,,,,,,,,,,,,,,,,,,,,,,,,,,,,,,,,,,,,,,,,,,,,,,,,,,,,,,,,,,,,,,,,,,,,,,,,,,,,,,,,,,,,,,,,,,,,,,,,,,,,,,
23047,<b>,300,310,110,<e>,<b>,300,110,<e>,<b>,300,110,<e>,<b>,300,110,<e>,<b>,300,110,<e>,<b>,999,300,110,<e>,<b>,300,110,<e>,<b>,300,110,<e>,<b>,300,110,<e>,,,,,,,,,,,,,,,,,,,,,,,,,,,,,,,,,,,,,,,,,,,,,,,,,,,,,,,,,,,,,,,,,,,,,,,,,,,,,,,,,,,,,,,,,,,,,,,,,,,,,,,,,,,,,,,,,,,,,,,,,,,,,,,,,,,,,,,,,,,,,,,,,,,,,,,,,,,,,,,,,,,,,,,,,,,,,,,,,,,,,,,,,,,,
23058,<b>,200,210,200,210,210,210,200,210,210,200,110,<e>,<b>,998,200,998,998,110,<e>,<b>,998,998,210,998,200,200,110,<e>,<b>,210,210,110,200,110,<e>,<b>,210,200,998,200,200,110,<e>,<b>,210,200,210,110,<e>,<b>,200,210,998,200,200,200,200,210,110,<e>,<b>,200,200,200,110,<e>,<b>,998,998,200,200,998,200,200,200,110,110,<e>,<b>,998,200,210,998,110,<e>,<b>,200,200,998,210,998,110,<e>,<b>,210,200,110,<e>,<b>,210,998,200,200,110,<e>,<b>,210,210,210,200,110,<e>,<b>,998,210,110,<e>,<b>,200,998,998,200,110,<e>,<b>,200,110,110,<e>,<b>,998,200,210,200,110,<e>,<b>,200,200,200,110,<e>,,,,,,,,,,,,,,,,,,,,,,,,,,,,,,,,,,,,,,,,,,,,,,,,,,,,,,,,,,,,,,,,,,,,,,,,,,,,,,,,,,,
23059,<b>,300,110,200,110,<e>,<b>,300,110,<e>,<b>,300,998,110,<e>,<b>,300,110,<e>,<b>,300,110,<e>,<b>,300,110,<e>,<b>,310,110,<e>,<b>,200,200,110,<e>,<b>,400,210,200,110,<e>,<b>,998,110,<e>,<b>,210,110,<e>,<b>,300,210,110,<e>,<b>,300,200,110,<e>,<b>,300,998,110,<e>,<b>,999,300,110,<e>,<b>,300,999,300,200,110,200,998,110,<e>,<b>,300,210,110,<e>,<b>,300,110,<e>,<b>,210,210,110,400,110,<e>,<b>,998,210,110,<e>,,,,,,,,,,,,,,,,,,,,,,,,,,,,,,,,,,,,,,,,,,,,,,,,,,,,,,,,,,,,,,,,,,,,,,,,,,,,,,,,,,,,,,,,,,,,,,,,,,,,,,,,,,,,,,,,,,,,,,,,,,,,,
23060,<b>,300,110,998,110,<e>,<b>,300,110,<e>,<b>,300,110,<e>,<b>,300,110,<e>,<b>,300,110,<e>,<b>,210,110,<e>,,,,,,,,,,,,,,,,,,,,,,,,,,,,,,,,,,,,,,,,,,,,,,,,,,,,,,,,,,,,,,,,,,,,,,,,,,,,,,,,,,,,,,,,,,,,,,,,,,,,,,,,,,,,,,,,,,,,,,,,,,,,,,,,,,,,,,,,,,,,,,,,,,,,,,,,,,,,,,,,,,,,,,,,,,,,,,,,,,,,,,,,,,,,,,,,,,,,,,,,
23062,<b>,300,200,110,110,<e>,<b>,300,998,110,<e>,<b>,300,110,<e>,<b>,300,110,<e>,<b>,300,110,<e>,<b>,300,998,110,<e>,<b>,300,110,<e>,<b>,300,300,998,110,<e>,<b>,998,110,<e>,<b>,998,998,110,<e>,<b>,300,110,<e>,<b>,300,110,<e>,<b>,300,110,<e>,<b>,300,998,110,<e>,<b>,300,999,110,<e>,<b>,300,110,<e>,<b>,998,110,<e>,<b>,300,110,<e>,,,,,,,,,,,,,,,,,,,,,,,,,,,,,,,,,,,,,,,,,,,,,,,,,,,,,,,,,,,,,,,,,,,,,,,,,,,,,,,,,,,,,,,,,,,,,,,,,,,,,,,,,,,,,,,,,,,,,,,,,,,,,,,,,,,,,,,,,,,,,,,,,
23063,<b>,300,110,<e>,<b>,998,110,110,998,998,110,<e>,<b>,300,110,<e>,<b>,998,110,200,110,<e>,<b>,200,110,<e>,<b>,998,200,200,110,<e>,<b>,200,110,<e>,<b>,998,110,200,110,<e>,<b>,200,110,<e>,<b>,998,200,200,110,<e>,<b>,200,210,210,110,<e>,,,,,,,,,,,,,,,,,,,,,,,,,,,,,,,,,,,,,,,,,,,,,,,,,,,,,,,,,,,,,,,,,,,,,,,,,,,,,,,,,,,,,,,,,,,,,,,,,,,,,,,,,,,,,,,,,,,,,,,,,,,,,,,,,,,,,,,,,,,,,,,,,,,,,,,,,,,,,,,,,,,,,,,,
23064,<b>,300,200,300,110,<e>,<b>,300,110,<e>,<b>,300,110,<e>,<b>,310,210,210,300,200,110,<e>,<b>,300,310,110,<e>,<b>,400,210,400,200,110,<e>,<b>,400,210,400,110,<e>,<b>,300,110,<e>,<b>,300,110,<e>,<b>,300,110,<e>,<b>,300,110,<e>,<b>,310,310,210,110,<e>,<b>,210,400,110,<e>,<b>,200,110,200,110,<e>,<b>,200,210,210,400,200,110,<e>,<b>,400,210,400,210,110,<e>,<b>,400,210,400,200,110,<e>,<b>,300,110,<e>,<b>,300,110,<e>,<b>,300,110,<e>,<b>,300,110,<e>,<b>,310,300,110,<e>,<b>,300,210,310,110,<e>,<b>,300,110,<e>,<b>,400,210,110,<e>,<b>,210,400,110,<e>,<b>,300,110,<e>,,,,,,,,,,,,,,,,,,,,,,,,,,,,,,,,,,,,,,,,,,,,,,,,,,,,,,,,,,,,,,,,,,,,,,,,,,,,,,,,,,,,,,
23069,<b>,200,110,<e>,<b>,200,110,<e>,<b>,200,998,210,200,110,<e>,<b>,200,200,200,110,<e>,<b>,200,200,110,<e>,<b>,210,110,<e>,<b>,200,200,110,<e>,<b>,200,200,210,210,210,110,<e>,,,,,,,,,,,,,,,,,,,,,,,,,,,,,,,,,,,,,,,,,,,,,,,,,,,,,,,,,,,,,,,,,,,,,,,,,,,,,,,,,,,,,,,,,,,,,,,,,,,,,,,,,,,,,,,,,,,,,,,,,,,,,,,,,,,,,,,,,,,,,,,,,,,,,,,,,,,,,,,,,,,,,,,,,,,,,,,,,,,,,,,
23070,<b>,210,200,110,200,110,<e>,<b>,210,200,110,200,200,110,<e>,<b>,210,200,210,200,110,200,110,<e>,<b>,200,210,210,200,110,200,110,<e>,<b>,210,200,110,200,110,<e>,,,,,,,,,,,,,,,,,,,,,,,,,,,,,,,,,,,,,,,,,,,,,,,,,,,,,,,,,,,,,,,,,,,,,,,,,,,,,,,,,,,,,,,,,,,,,,,,,,,,,,,,,,,,,,,,,,,,,,,,,,,,,,,,,,,,,,,,,,,,,,,,,,,,,,,,,,,,,,,,,,,,,,,,,,,,,,,,,,,,,,,,,,
23071,<b>,200,110,<e>,<b>,998,200,110,<e>,<b>,998,200,110,<e>,<b>,998,200,110,<e>,<b>,998,200,110,<e>,<b>,200,200,200,110,<e>,<b>,998,200,210,110,<e>,<b>,998,200,110,<e>,<b>,200,200,200,110,<e>,<b>,998,200,110,<e>,<b>,998,200,200,110,<e>,,,,,,,,,,,,,,,,,,,,,,,,,,,,,,,,,,,,,,,,,,,,,,,,,,,,,,,,,,,,,,,,,,,,,,,,,,,,,,,,,,,,,,,,,,,,,,,,,,,,,,,,,,,,,,,,,,,,,,,,,,,,,,,,,,,,,,,,,,,,,,,,,,,,,,,,,,,,,,,,,,,,,,,,
23073,<b>,300,110,<e>,<b>,300,300,210,110,<e>,<b>,300,110,<e>,<b>,300,210,110,<e>,<b>,210,210,110,<e>,<b>,200,200,110,<e>,<b>,300,110,<e>,<b>,300,110,<e>,<b>,300,110,<e>,<b>,210,210,200,200,110,<e>,<b>,210,110,110,<e>,<b>,300,300,110,<e>,<b>,300,110,<e>,<b>,300,110,<e>,<b>,300,110,<e>,<b>,300,110,<e>,<b>,300,110,<e>,<b>,300,210,110,<e>,<b>,300,110,<e>,,,,,,,,,,,,,,,,,,,,,,,,,,,,,,,,,,,,,,,,,,,,,,,,,,,,,,,,,,,,,,,,,,,,,,,,,,,,,,,,,,,,,,,,,,,,,,,,,,,,,,,,,,,,,,,,,,,,,,,,,,,,,,,,,,,,,,,,,,,
23076,<b>,998,200,110,<e>,<b>,310,200,300,110,110,<e>,<b>,998,200,200,110,<e>,<b>,200,110,<e>,,,,,,,,,,,,,,,,,,,,,,,,,,,,,,,,,,,,,,,,,,,,,,,,,,,,,,,,,,,,,,,,,,,,,,,,,,,,,,,,,,,,,,,,,,,,,,,,,,,,,,,,,,,,,,,,,,,,,,,,,,,,,,,,,,,,,,,,,,,,,,,,,,,,,,,,,,,,,,,,,,,,,,,,,,,,,,,,,,,,,,,,,,,,,,,,,,,,,,,,,,,,
23080,<b>,400,110,<e>,<b>,400,300,110,<e>,<b>,400,110,<e>,<b>,400,210,110,<e>,<b>,400,110,<e>,<b>,400,110,<e>,<b>,400,999,110,<e>,<b>,400,110,<e>,<b>,999,110,<e>,<b>,400,110,<e>,<b>,400,110,<e>,<b>,400,210,110,<e>,<b>,400,110,<e>,<b>,400,110,<e>,<b>,400,110,<e>,,,,,,,,,,,,,,,,,,,,,,,,,,,,,,,,,,,,,,,,,,,,,,,,,,,,,,,,,,,,,,,,,,,,,,,,,,,,,,,,,,,,,,,,,,,,,,,,,,,,,,,,,,,,,,,,,,,,,,,,,,,,,,,,,,,,,,,,,,,,,,,,,,,,,,,,,,,,,,,,,,
23084,<b>,200,110,210,210,210,110,<e>,<b>,300,310,300,110,<e>,<b>,300,200,110,<e>,<b>,300,200,200,110,<e>,<b>,210,200,110,<e>,<b>,300,200,110,<e>,<b>,300,200,110,<e>,<b>,300,200,200,110,<e>,<b>,300,210,110,<e>,<b>,200,200,200,110,<e>,<b>,310,300,200,110,<e>,<b>,200,110,200,200,200,110,<e>,<b>,300,200,110,<e>,<b>,300,200,200,110,<e>,<b>,300,110,<e>,<b>,300,200,110,<e>,<b>,300,200,110,<e>,<b>,200,200,110,<e>,<b>,300,200,110,<e>,<b>,300,200,110,<e>,<b>,210,200,200,110,<e>,<b>,300,200,110,<e>,<b>,210,210,110,<e>,<b>,300,200,110,<e>,<b>,300,200,200,110,<e>,<b>,210,200,200,110,<e>,<b>,300,200,110,<e>,,,,,,,,,,,,,,,,,,,,,,,,,,,,,,,,,,,,,,,,,,,,,,,,,,,,,,,,,,,,,,,,,,,,,,,,,,,,,
23086,<b>,200,110,<e>,<b>,300,110,<e>,<b>,300,110,<e>,<b>,300,110,<e>,<b>,200,110,<e>,<b>,300,110,<e>,<b>,300,110,<e>,<b>,310,110,110,<e>,<b>,300,110,<e>,<b>,200,200,110,<e>,<b>,200,110,<e>,,,,,,,,,,,,,,,,,,,,,,,,,,,,,,,,,,,,,,,,,,,,,,,,,,,,,,,,,,,,,,,,,,,,,,,,,,,,,,,,,,,,,,,,,,,,,,,,,,,,,,,,,,,,,,,,,,,,,,,,,,,,,,,,,,,,,,,,,,,,,,,,,,,,,,,,,,,,,,,,,,,,,,,,,,,,,,,,,,,,
23091,<b>,300,110,<e>,<b>,300,998,110,<e>,<b>,300,110,200,110,<e>,<b>,300,110,<e>,<b>,300,110,210,110,998,110,<e>,<b>,200,110,<e>,<b>,300,110,<e>,<b>,300,110,<e>,<b>,300,110,<e>,<b>,200,110,200,110,<e>,<b>,998,200,110,998,110,<e>,<b>,998,200,110,110,<e>,<b>,210,200,110,<e>,<b>,200,110,<e>,<b>,300,200,110,<e>,<b>,300,110,<e>,<b>,998,300,110,<e>,<b>,300,110,<e>,<b>,300,110,<e>,<b>,300,110,<e>,<b>,300,210,210,210,110,<e>,,,,,,,,,,,,,,,,,,,,,,,,,,,,,,,,,,,,,,,,,,,,,,,,,,,,,,,,,,,,,,,,,,,,,,,,,,,,,,,,,,,,,,,,,,,,,,,,,,,,,,,,,,,,,,,,,,,,,,,,,,
23092,<b>,300,110,<e>,<b>,300,110,<e>,<b>,300,210,110,<e>,<b>,300,110,<e>,<b>,300,110,<e>,<b>,300,110,<e>,<b>,300,110,<e>,<b>,300,110,<e>,<b>,300,110,<e>,<b>,210,210,210,210,110,<e>,<b>,210,110,<e>,<b>,200,110,<e>,<b>,210,110,<e>,<b>,210,110,<e>,<b>,210,110,<e>,,,,,,,,,,,,,,,,,,,,,,,,,,,,,,,,,,,,,,,,,,,,,,,,,,,,,,,,,,,,,,,,,,,,,,,,,,,,,,,,,,,,,,,,,,,,,,,,,,,,,,,,,,,,,,,,,,,,,,,,,,,,,,,,,,,,,,,,,,,,,,,,,,,,,,,,,,,,,,,,,,
23093,<b>,300,110,<e>,<b>,300,210,110,<e>,<b>,300,210,110,200,110,<e>,<b>,300,110,<e>,<b>,210,110,200,200,200,210,200,210,110,210,110,<e>,<b>,300,210,110,110,<e>,<b>,300,300,110,<e>,<b>,300,210,110,<e>,<b>,300,210,999,110,<e>,<b>,300,300,300,200,110,<e>,<b>,210,210,210,210,110,110,200,110,<e>,<b>,210,110,210,110,<e>,<b>,300,300,300,310,300,210,998,110,110,<e>,<b>,210,210,110,200,110,<e>,,,,,,,,,,,,,,,,,,,,,,,,,,,,,,,,,,,,,,,,,,,,,,,,,,,,,,,,,,,,,,,,,,,,,,,,,,,,,,,,,,,,,,,,,,,,,,,,,,,,,,,,,,,,,,,,,,,,,,,,,,,,,,,,,,
23095,<b>,300,210,110,<e>,<b>,300,200,200,110,<e>,<b>,200,110,<e>,<b>,200,110,<e>,<b>,200,200,110,<e>,<b>,998,300,210,200,110,<e>,<b>,200,200,110,<e>,,,,,,,,,,,,,,,,,,,,,,,,,,,,,,,,,,,,,,,,,,,,,,,,,,,,,,,,,,,,,,,,,,,,,,,,,,,,,,,,,,,,,,,,,,,,,,,,,,,,,,,,,,,,,,,,,,,,,,,,,,,,,,,,,,,,,,,,,,,,,,,,,,,,,,,,,,,,,,,,,,,,,,,,,,,,,,,,,,,,,,,,,,,,,,
23096,<b>,300,110,110,<e>,<b>,300,110,<e>,<b>,300,110,<e>,<b>,999,110,<e>,<b>,300,110,<e>,<b>,310,110,<e>,<b>,300,110,<e>,<b>,300,110,<e>,<b>,300,110,<e>,<b>,300,110,<e>,<b>,300,110,<e>,<b>,300,998,110,<e>,<b>,300,110,<e>,<b>,300,210,110,<e>,<b>,300,110,<e>,<b>,300,110,<e>,<b>,300,110,<e>,<b>,300,110,<e>,<b>,300,110,<e>,<b>,300,110,<e>,,,,,,,,,,,,,,,,,,,,,,,,,,,,,,,,,,,,,,,,,,,,,,,,,,,,,,,,,,,,,,,,,,,,,,,,,,,,,,,,,,,,,,,,,,,,,,,,,,,,,,,,,,,,,,,,,,,,,,,,,,,,,,,,,,,,,,,,,,,,,,,
23099,<b>,300,310,998,110,<e>,<b>,300,110,<e>,<b>,300,110,<e>,<b>,300,210,310,110,<e>,<b>,998,210,110,<e>,<b>,300,998,310,110,<e>,<b>,300,210,110,<e>,<b>,300,200,310,110,<e>,<b>,998,210,200,110,<e>,<b>,200,200,210,110,<e>,<b>,300,310,200,110,<e>,<b>,300,200,110,<e>,<b>,998,200,110,<e>,,,,,,,,,,,,,,,,,,,,,,,,,,,,,,,,,,,,,,,,,,,,,,,,,,,,,,,,,,,,,,,,,,,,,,,,,,,,,,,,,,,,,,,,,,,,,,,,,,,,,,,,,,,,,,,,,,,,,,,,,,,,,,,,,,,,,,,,,,,,,,,,,,,,,,,,,,,,
23103,<b>,300,110,<e>,<b>,200,110,<e>,<b>,300,300,310,210,110,<e>,<b>,300,110,200,110,<e>,<b>,300,110,<e>,<b>,998,110,<e>,<b>,300,110,<e>,<b>,300,110,<e>,<b>,200,110,<e>,<b>,200,110,<e>,<b>,200,110,<e>,<b>,200,110,<e>,<b>,300,110,<e>,<b>,300,110,<e>,<b>,998,200,110,<e>,<b>,200,110,110,<e>,,,,,,,,,,,,,,,,,,,,,,,,,,,,,,,,,,,,,,,,,,,,,,,,,,,,,,,,,,,,,,,,,,,,,,,,,,,,,,,,,,,,,,,,,,,,,,,,,,,,,,,,,,,,,,,,,,,,,,,,,,,,,,,,,,,,,,,,,,,,,,,,,,,,,,,,,,,
23105,<b>,300,110,<e>,<b>,300,110,<e>,<b>,300,110,<e>,<b>,300,110,<e>,<b>,300,110,<e>,<b>,300,110,<e>,<b>,300,110,<e>,<b>,300,110,<e>,<b>,300,110,<e>,<b>,300,110,<e>,<b>,998,110,<e>,<b>,300,110,<e>,<b>,300,300,210,300,110,<e>,<b>,300,110,<e>,<b>,300,110,210,110,<e>,<b>,300,110,<e>,<b>,300,210,300,110,<e>,<b>,300,310,210,110,210,110,<e>,<b>,300,110,<e>,<b>,300,110,<e>,,,,,,,,,,,,,,,,,,,,,,,,,,,,,,,,,,,,,,,,,,,,,,,,,,,,,,,,,,,,,,,,,,,,,,,,,,,,,,,,,,,,,,,,,,,,,,,,,,,,,,,,,,,,,,,,,,,,,,,,,,,,,,,,,,,,,,,
23107,<b>,400,300,210,300,110,<e>,<b>,300,300,110,110,<e>,<b>,300,210,300,210,300,110,<e>,<b>,300,210,210,110,<e>,<b>,300,210,300,210,300,110,<e>,<b>,300,210,300,210,210,110,<e>,<b>,300,210,300,110,<e>,<b>,300,210,300,110,<e>,<b>,300,210,300,110,<e>,<b>,300,200,200,210,200,110,110,<e>,<b>,200,210,200,110,<e>,<b>,998,998,998,210,998,998,200,200,110,110,110,<e>,<b>,200,200,210,200,110,110,110,<e>,<b>,300,300,210,300,210,300,110,110,110,<e>,<b>,300,300,300,210,300,210,300,110,110,<e>,<b>,300,300,210,300,210,300,110,110,<e>,<b>,300,210,300,210,300,110,<e>,<b>,300,210,300,110,110,<e>,<b>,300,210,300,210,300,110,<e>,<b>,300,210,300,110.0,110.0,<e>,<b>,300,210,300,110,<e>,<b>,998,200,110.0,<e>,<b>,998,210,200,200.0,110.0,<e>,<b>,300,210,300,110,<e>,,,,,,,,,,,,,,,,,,,,,,,,,,,,,,,,,,,,,,,,,,
23108,<b>,310,110,200,110,<e>,<b>,998,110,<e>,<b>,310,300,200,210,110,<e>,<b>,310,998,110,<e>,<b>,300,200,200,200,210,110,<e>,<b>,200,210,110,<e>,<b>,300,210,110,<e>,<b>,300,998,200,110,<e>,<b>,310,200,200,200,210,110,<e>,<b>,310,300,110,<e>,<b>,998,200,200,110,<e>,<b>,998,210,200,200,200,110,<e>,<b>,200,200,200,200,110,<e>,<b>,200,200,200,210,200,200,110,<e>,<b>,200,110,<e>,<b>,300,110,<e>,<b>,300,200,110,<e>,<b>,300,200,200,210,110,<e>,<b>,300,110,<e>,<b>,300,110,<e>,<b>,998,300,110,<e>,<b>,300,110,<e>,<b>,300,210,110,<e>,<b>,300,210,210,110,<e>,<b>,200,210,110,200,110,<e>,<b>,998,200,200,210,110,<e>,,,,,,,,,,,,,,,,,,,,,,,,,,,,,,,,,,,,,,,,,,,,,,,,,,,,,,,,,,,,,,,,,,,,,,,,,,,
23113,<b>,300,110,<e>,<b>,300,110,<e>,<b>,300,110,<e>,<b>,300,110,<e>,<b>,300,110,<e>,<b>,300,110,<e>,<b>,300,110,<e>,<b>,999,300,110,<e>,<b>,300,110,<e>,<b>,300,300,110,<e>,<b>,300,110,<e>,<b>,300,110,<e>,<b>,300,110,<e>,<b>,300,110,<e>,<b>,300,210,110,<e>,<b>,300,210,110,<e>,<b>,300,999,200,110,<e>,<b>,300,110,<e>,<b>,210,300,110,<e>,<b>,300,998,110,<e>,<b>,300,110,<e>,<b>,300,110,<e>,<b>,300,998,110,<e>,<b>,310,110,<e>,<b>,310,110,<e>,,,,,,,,,,,,,,,,,,,,,,,,,,,,,,,,,,,,,,,,,,,,,,,,,,,,,,,,,,,,,,,,,,,,,,,,,,,,,,,,,,,,,,,,,,,,,,,,,,,,,,,,,,,,,,,,,,,,,
23114,<b>,210,300,210,300,200,110,<e>,<b>,210,300,210,210,110,<e>,<b>,200,110,<e>,<b>,210,210,110,<e>,<b>,300,210,200,110,<e>,<b>,210,210,210,200,110,<e>,<b>,210,210,210,200,110,<e>,<b>,200,200,110,<e>,<b>,210,200,110,<e>,,,,,,,,,,,,,,,,,,,,,,,,,,,,,,,,,,,,,,,,,,,,,,,,,,,,,,,,,,,,,,,,,,,,,,,,,,,,,,,,,,,,,,,,,,,,,,,,,,,,,,,,,,,,,,,,,,,,,,,,,,,,,,,,,,,,,,,,,,,,,,,,,,,,,,,,,,,,,,,,,,,,,,,,,,,,
23122,<b>,300,300,310,110,110,<e>,<b>,300,300,310,300,110,<e>,<b>,999,110,<e>,<b>,300,300,110,<e>,<b>,998,110,<e>,<b>,300,310,300,110,<e>,<b>,300,110,<e>,<b>,999,310,300,310,300,200,110,110,<e>,<b>,300,300,200,300,110,<e>,<b>,300,300,200,310,300,110,<e>,<b>,998,110,<e>,<b>,300,310,300,110,<e>,<b>,300,200,200,110,<e>,<b>,300,310,300,110,<e>,<b>,300,300,200,110,110,<e>,<b>,998,110,<e>,,,,,,,,,,,,,,,,,,,,,,,,,,,,,,,,,,,,,,,,,,,,,,,,,,,,,,,,,,,,,,,,,,,,,,,,,,,,,,,,,,,,,,,,,,,,,,,,,,,,,,,,,,,,,,,,,,,,,,,,,,,,,,,,,,,
23123,<b>,300,110,<e>,<b>,300,110,<e>,<b>,300,110,<e>,<b>,300,110,<e>,<b>,300,998,110,<e>,<b>,998,110,<e>,<b>,300,110,<e>,<b>,300,110,<e>,<b>,300,110,<e>,<b>,210,110,<e>,<b>,210,110,<e>,,,,,,,,,,,,,,,,,,,,,,,,,,,,,,,,,,,,,,,,,,,,,,,,,,,,,,,,,,,,,,,,,,,,,,,,,,,,,,,,,,,,,,,,,,,,,,,,,,,,,,,,,,,,,,,,,,,,,,,,,,,,,,,,,,,,,,,,,,,,,,,,,,,,,,,,,,,,,,,,,,,,,,,,,,,,,,,,,,,,,
23126,<b>,300,110,<e>,<b>,300,210,300,110,<e>,<b>,300,110,<e>,<b>,300,110,<e>,<b>,998,110,<e>,<b>,300,110,<e>,<b>,300,110,<e>,<b>,300,110,<e>,<b>,200,110,<e>,<b>,998,110,<e>,<b>,998,110,<e>,<b>,300,998,110,<e>,<b>,300,210,110,<e>,<b>,300,210,110,<e>,<b>,300,110,<e>,<b>,300,110,<e>,<b>,300,998,110,<e>,<b>,210,110,<e>,<b>,300,110,<e>,,,,,,,,,,,,,,,,,,,,,,,,,,,,,,,,,,,,,,,,,,,,,,,,,,,,,,,,,,,,,,,,,,,,,,,,,,,,,,,,,,,,,,,,,,,,,,,,,,,,,,,,,,,,,,,,,,,,,,,,,,,,,,,,,,,,,,,,,,,,,,,,
23128,<b>,300,210,110,<e>,<b>,300,200,110,<e>,<b>,300,200,110,<e>,<b>,300,200,110,<e>,<b>,300,110,300,110,<e>,<b>,998,110,210,200,110,<e>,<b>,210,110,110,210,110,210,110,<e>,<b>,300,200,300,110,<e>,<b>,300,200,300,110,<e>,<b>,300,200,300,200,110,<e>,<b>,300,110,998,110,<e>,<b>,998,998,110,998,210,110,<e>,<b>,210,200,110,<e>,,,,,,,,,,,,,,,,,,,,,,,,,,,,,,,,,,,,,,,,,,,,,,,,,,,,,,,,,,,,,,,,,,,,,,,,,,,,,,,,,,,,,,,,,,,,,,,,,,,,,,,,,,,,,,,,,,,,,,,,,,,,,,,,,,,,,,,,,,,,,,,,,,
23129,<b>,200,110,<e>,<b>,210,200,200,110,998,110,<e>,<b>,998,210,210,200,110,998,110,998,110,<e>,<b>,300,110,<e>,<b>,200,110,<e>,<b>,210,210,110,<e>,<b>,210,999,110,<e>,<b>,300,110,110,<e>,<b>,200,200,210,210,200,110,<e>,<b>,200,210,210,200,110,110,<e>,<b>,210,110,<e>,<b>,210,110,<e>,<b>,300,110,<e>,<b>,200,200,110,<e>,<b>,210,110,<e>,<b>,300,110,<e>,<b>,210,110,<e>,<b>,210,210,110,<e>,<b>,998,210,110,<e>,,,,,,,,,,,,,,,,,,,,,,,,,,,,,,,,,,,,,,,,,,,,,,,,,,,,,,,,,,,,,,,,,,,,,,,,,,,,,,,,,,,,,,,,,,,,,,,,,,,,,,,,,,,,,,,,,,,,,,,,,,,,,
23132,<b>,300,300,110,<e>,<b>,300,300,110,<e>,<b>,300,300,300,300,110,<e>,<b>,300,300,300,110,<e>,<b>,300,300,110,<e>,<b>,200,110,<e>,<b>,300,300,110,<e>,<b>,999,300,110,<e>,<b>,300,110,<e>,<b>,300,300,110,<e>,<b>,300,300,110,<e>,<b>,300,110,<e>,<b>,300,300,110,<e>,<b>,300,300,300,110,<e>,<b>,300,300,300,300,110,<e>,<b>,300,300,300,300,300,110,<e>,<b>,300,300,300,110,<e>,,,,,,,,,,,,,,,,,,,,,,,,,,,,,,,,,,,,,,,,,,,,,,,,,,,,,,,,,,,,,,,,,,,,,,,,,,,,,,,,,,,,,,,,,,,,,,,,,,,,,,,,,,,,,,,,,,,,,,,,,,,,,,,,,,,,,,
23133,<b>,998,110,210,110,<e>,<b>,210,110,<e>,<b>,998,110,<e>,<b>,210,110,<e>,<b>,998,110,<e>,<b>,210,110,<e>,<b>,210,110,<e>,<b>,210,110,<e>,<b>,210,110,<e>,<b>,998,110,<e>,<b>,998,110,<e>,<b>,310,110,<e>,<b>,310,110,<e>,<b>,210,110,<e>,<b>,998,110,<e>,<b>,200,110,<e>,,,,,,,,,,,,,,,,,,,,,,,,,,,,,,,,,,,,,,,,,,,,,,,,,,,,,,,,,,,,,,,,,,,,,,,,,,,,,,,,,,,,,,,,,,,,,,,,,,,,,,,,,,,,,,,,,,,,,,,,,,,,,,,,,,,,,,,,,,,,,,,,,,,,,,,,,,,,,,,,
23134,<b>,998,998,200,200,200,200,200,110,<e>,<b>,200,200,110,<e>,<b>,998,200,110,<e>,<b>,998,200,998,110,<e>,<b>,200,200,110,<e>,<b>,998,998,200,110,<e>,<b>,200,200,200,200,200,110,<e>,<b>,998,998,200,200,110,<e>,<b>,998,200,200,110,<e>,<b>,200,200,110,<e>,<b>,200,200,110,<e>,<b>,200,110,<e>,<b>,998,998,200,110,<e>,<b>,998,200,110,<e>,<b>,200,200,200,110,<e>,<b>,998,200,110,<e>,<b>,200,110,<e>,<b>,200,200,110,<e>,,,,,,,,,,,,,,,,,,,,,,,,,,,,,,,,,,,,,,,,,,,,,,,,,,,,,,,,,,,,,,,,,,,,,,,,,,,,,,,,,,,,,,,,,,,,,,,,,,,,,,,,,,,,,,,,,,,,,,,,,,,
23138,<b>,200,110,200,110,<e>,<b>,200,110,<e>,<b>,200,200,110,200,110,998,110,<e>,<b>,200,200,110,998,110,998,110,<e>,<b>,998,998,110,<e>,<b>,200,110,998,110,<e>,<b>,200,110,998,110,<e>,<b>,200,200,110,110,<e>,<b>,200,200,200,200,110,998,110,<e>,<b>,200,200,110,200,200,200,110,998,998,110,<e>,<b>,200,110,<e>,<b>,998,200,110,<e>,<b>,998,200,110,<e>,<b>,998,110,998,110,<e>,<b>,200,110,998,110,998,110,<e>,<b>,200,110,200,110,998,200,110,998,110,<e>,<b>,200,110,998,200,110,998,110,<e>,<b>,200,110,998,110,<e>,<b>,200,110,<e>,<b>,200,110,<e>,<b>,200,110,998,110,200,110,<e>,<b>,200,110,<e>,<b>,200,110,<e>,<b>,200,110,200,200,110,<e>,,,,,,,,,,,,,,,,,,,,,,,,,,,,,,,,,,,,,,,,,,,,,,,,,,,,,,,,,,,,,,,,,,,,,
23140,<b>,300,210,300,110,<e>,<b>,300,110,<e>,<b>,300,200,300,110,<e>,<b>,210,200,210,110,<e>,<b>,300,110,<e>,<b>,300,110,<e>,<b>,200,210,200,200,110,<e>,<b>,210,210,210,110,<e>,<b>,210,210,210,210,999,110,<e>,<b>,300,110,<e>,<b>,300,300,200,200,110,<e>,<b>,998,210,210,210,110,<e>,,,,,,,,,,,,,,,,,,,,,,,,,,,,,,,,,,,,,,,,,,,,,,,,,,,,,,,,,,,,,,,,,,,,,,,,,,,,,,,,,,,,,,,,,,,,,,,,,,,,,,,,,,,,,,,,,,,,,,,,,,,,,,,,,,,,,,,,,,,,,,,,,,,,,,,,,,,,,
23141,<b>,300,110,<e>,<b>,300,210,110,<e>,<b>,300,110,<e>,<b>,300,110,<e>,<b>,300,110,<e>,<b>,210,110,<e>,<b>,300,110,<e>,<b>,300,110,110,110,<e>,<b>,300,110,<e>,<b>,300,998,110,<e>,<b>,300,110,<e>,<b>,998,110,210,110,<e>,<b>,998,110,998,110,<e>,<b>,210,110,<e>,<b>,210,110,<e>,<b>,300,110,<e>,<b>,300,110,<e>,<b>,200,110,998,110,<e>,<b>,300,210,110,<e>,<b>,300,210,998,998,110,<e>,<b>,300,210,110,<e>,<b>,300,300,110,<e>,<b>,300,110,<e>,<b>,210,110,<e>,<b>,300,210,110,<e>,,,,,,,,,,,,,,,,,,,,,,,,,,,,,,,,,,,,,,,,,,,,,,,,,,,,,,,,,,,,,,,,,,,,,,,,,,,,,,,,,,,,,,,,,,,,,,,,,,,,,,,,,,,,,
23143,<b>,210,998,110,998,110,<e>,<b>,210,998,110,200,110,<e>,<b>,200,110,998,110,<e>,<b>,210,200,998,110,<e>,<b>,200,110,998,210,110,<e>,<b>,210,200,110,<e>,<b>,998,110,<e>,<b>,210,110,210,110,<e>,<b>,210,998,110,<e>,<b>,210,998,110,998,110,<e>,<b>,200,110,998,110,<e>,<b>,200,110,200,110,<e>,<b>,210,200,998,110,<e>,<b>,200,110,998,110,<e>,<b>,210,998,110,210,200,110,<e>,<b>,210,998,110,998,110,<e>,<b>,210,110,200,110,<e>,<b>,210,200,110,998,110,<e>,<b>,210,998,110,200,210,110,<e>,,,,,,,,,,,,,,,,,,,,,,,,,,,,,,,,,,,,,,,,,,,,,,,,,,,,,,,,,,,,,,,,,,,,,,,,,,,,,,,,,,,,,,,,,,,,,,,,,,,,,,,,,,
23144,<b>,300,110,<e>,<b>,300,110,<e>,<b>,300,110,<e>,<b>,300,110,<e>,<b>,300,110,<e>,<b>,300,110,<e>,<b>,300,110,<e>,<b>,300,110,<e>,<b>,300,110,<e>,<b>,200,110,<e>,<b>,300,110,<e>,<b>,300,110,<e>,<b>,300,110,<e>,,,,,,,,,,,,,,,,,,,,,,,,,,,,,,,,,,,,,,,,,,,,,,,,,,,,,,,,,,,,,,,,,,,,,,,,,,,,,,,,,,,,,,,,,,,,,,,,,,,,,,,,,,,,,,,,,,,,,,,,,,,,,,,,,,,,,,,,,,,,,,,,,,,,,,,,,,,,,,,,,,,,,,,,,,,,,,
23147,<b>,300,110,<e>,<b>,300,110,<e>,<b>,300,110,<e>,<b>,300,200,110,<e>,<b>,300,200,110,<e>,<b>,200,110,<e>,<b>,210,210,200,200,110,<e>,<b>,210,300,110,<e>,<b>,200,300,110,<e>,<b>,300,110,<e>,<b>,300,110,<e>,<b>,210,110,<e>,<b>,200,200,200,110,<e>,<b>,200,110,<e>,<b>,300,110,<e>,<b>,300,110,<e>,<b>,300,110,<e>,<b>,300,210,210,110,<e>,<b>,300,110,<e>,<b>,300,110,<e>,<b>,300,110,<e>,<b>,300,110,<e>,,,,,,,,,,,,,,,,,,,,,,,,,,,,,,,,,,,,,,,,,,,,,,,,,,,,,,,,,,,,,,,,,,,,,,,,,,,,,,,,,,,,,,,,,,,,,,,,,,,,,,,,,,,,,,,,,,,,,,,,,,,,,,,
23148,<b>,300,110,<e>,<b>,300,110,<e>,<b>,300,110,<e>,<b>,300,200,300,110,<e>,<b>,300,110,<e>,<b>,210,300,110,<e>,<b>,300,110,<e>,<b>,300,110,<e>,<b>,998,300,110,<e>,<b>,300,110,<e>,<b>,300,110,<e>,<b>,300,110,<e>,<b>,210,110,<e>,<b>,210,210,110,<e>,<b>,300,300,110,<e>,<b>,300,300,210,110,<e>,<b>,210,110,<e>,<b>,300,110,<e>,<b>,300,110,<e>,<b>,300,110,<e>,<b>,300,110,<e>,<b>,300,110,<e>,<b>,300,110,<e>,<b>,300,110,<e>,<b>,998,210,110,<e>,<b>,210,110,<e>,<b>,300,110,<e>,,,,,,,,,,,,,,,,,,,,,,,,,,,,,,,,,,,,,,,,,,,,,,,,,,,,,,,,,,,,,,,,,,,,,,,,,,,,,,,,,,,,,,,,,,,,,,,,,,,,,,,,,,,,,
23155,<b>,300,110,<e>,<b>,300,110,<e>,<b>,200,110,<e>,<b>,300,110,<e>,<b>,300,200,300,110,<e>,<b>,300,998,110,<e>,<b>,300,110,<e>,<b>,310,998,110,<e>,<b>,300,210,110,<e>,<b>,300,300,300,110,<e>,<b>,300,110,<e>,<b>,300,110,<e>,<b>,300,110,<e>,<b>,300,200,110,<e>,<b>,300,300,110,<e>,<b>,300,300,110,<e>,<b>,300,110,<e>,<b>,300,200,110,<e>,<b>,300,110,<e>,<b>,300,110,<e>,,,,,,,,,,,,,,,,,,,,,,,,,,,,,,,,,,,,,,,,,,,,,,,,,,,,,,,,,,,,,,,,,,,,,,,,,,,,,,,,,,,,,,,,,,,,,,,,,,,,,,,,,,,,,,,,,,,,,,,,,,,,,,,,,,,,,,,
23156,<b>,300,110,200,200,110,<e>,<b>,300,998,110,<e>,<b>,300,998,200,110,<e>,<b>,300,110,200,110,<e>,<b>,300,998,110,<e>,<b>,300,998,110,<e>,<b>,300,998,110,<e>,<b>,300,998,110,<e>,<b>,300,110,<e>,<b>,300,110,<e>,<b>,300,998,110,<e>,<b>,998,210,110,<e>,<b>,998,200,110,<e>,<b>,998,200,110,<e>,<b>,300,110,<e>,<b>,999,110,<e>,<b>,300,998,200,110,<e>,<b>,300,110,<e>,<b>,300,998,110,<e>,<b>,300,998,110,<e>,<b>,300,110,<e>,<b>,300,110,<e>,<b>,300,210,110,<e>,<b>,300,110,<e>,,,,,,,,,,,,,,,,,,,,,,,,,,,,,,,,,,,,,,,,,,,,,,,,,,,,,,,,,,,,,,,,,,,,,,,,,,,,,,,,,,,,,,,,,,,,,,,,,,,,,,,,,,,,,
23158,<b>,300,110,<e>,<b>,300,110,<e>,<b>,300,110,110,<e>,<b>,300,110,<e>,<b>,300,110,<e>,<b>,998,998,110,<e>,<b>,300,210,110,<e>,<b>,300,200,110,<e>,<b>,300,110,<e>,<b>,998,110,998,110,<e>,<b>,200,110,<e>,<b>,998,300,210,200,110,<e>,<b>,200,110,<e>,<b>,300,110,<e>,<b>,300,110,<e>,<b>,300,110,<e>,<b>,998,200,110,<e>,<b>,210,200,110,<e>,<b>,300,210,210,300,110,<e>,,,,,,,,,,,,,,,,,,,,,,,,,,,,,,,,,,,,,,,,,,,,,,,,,,,,,,,,,,,,,,,,,,,,,,,,,,,,,,,,,,,,,,,,,,,,,,,,,,,,,,,,,,,,,,,,,,,,,,,,,,,,,,,,,,,,,,,,
23162,<b>,300,110,<e>,<b>,300,110,<e>,<b>,300,110,<e>,<b>,300,210,110,<e>,<b>,300,210,110,<e>,<b>,300,110,<e>,<b>,300,110,<e>,<b>,300,110,<e>,<b>,400,200,110,<e>,<b>,210,110,<e>,<b>,300,110,<e>,<b>,300,200,110,<e>,<b>,300,110,<e>,<b>,300,110,<e>,<b>,300,110,<e>,<b>,310,110,<e>,<b>,300,110,<e>,,,,,,,,,,,,,,,,,,,,,,,,,,,,,,,,,,,,,,,,,,,,,,,,,,,,,,,,,,,,,,,,,,,,,,,,,,,,,,,,,,,,,,,,,,,,,,,,,,,,,,,,,,,,,,,,,,,,,,,,,,,,,,,,,,,,,,,,,,,,,,,,,,,,,,,,,,
23163,<b>,200,110,<e>,<b>,998,998,200,110,<e>,<b>,200,110,<e>,<b>,200,200,200,110,<e>,<b>,998,200,200,200,110,<e>,<b>,200,110,<e>,<b>,998,200,110,<e>,<b>,998,110,<e>,<b>,210,110,<e>,<b>,210,110,<e>,<b>,200,110,<e>,<b>,998,200,110,<e>,,,,,,,,,,,,,,,,,,,,,,,,,,,,,,,,,,,,,,,,,,,,,,,,,,,,,,,,,,,,,,,,,,,,,,,,,,,,,,,,,,,,,,,,,,,,,,,,,,,,,,,,,,,,,,,,,,,,,,,,,,,,,,,,,,,,,,,,,,,,,,,,,,,,,,,,,,,,,,,,,,,,,,,,,
23168,<b>,300,200,110,<e>,,,,,,,,,,,,,,,,,,,,,,,,,,,,,,,,,,,,,,,,,,,,,,,,,,,,,,,,,,,,,,,,,,,,,,,,,,,,,,,,,,,,,,,,,,,,,,,,,,,,,,,,,,,,,,,,,,,,,,,,,,,,,,,,,,,,,,,,,,,,,,,,,,,,,,,,,,,,,,,,,,,,,,,,,,,,,,,,,,,,,,,,,,,,,,,,,,,,,,,,,,,,,,,,,,,,,,,,,,,,,
23169,<b>,200,200,200,200,210,110,<e>,<b>,300,110,<e>,<b>,300,110,<e>,<b>,300,210,210,200,200,110,<e>,<b>,200,200,110,<e>,<b>,200,200,110,<e>,<b>,300,210,110,<e>,<b>,300,200,110,<e>,<b>,300,110,<e>,<b>,998,210,998,200,200,110,<e>,<b>,300,210,110,<e>,<b>,200,200,110,<e>,<b>,200,200,200,110,<e>,<b>,210,200,200,110,<e>,<b>,200,200,210,110,<e>,<b>,210,210,110,<e>,<b>,300,210,200,110,<e>,<b>,300,110,<e>,<b>,300,200,200,200,210,110,<e>,<b>,300,210,110,<e>,<b>,300,200,200,200,200,110,<e>,<b>,200,200,200,200,110,<e>,<b>,300,200,110,<e>,<b>,210,110,<e>,<b>,200,210,210,210,210,200,200,200,200,200,110,<e>,<b>,300,200,210,110,<e>,,,,,,,,,,,,,,,,,,,,,,,,,,,,,,,,,,,,,,,,,,,,,,,,,,,,,,,,,,,,,,,,,,,,,,,
23171,<b>,300,210,300,200,998,110,<e>,<b>,300,210,300,998,110,<e>,<b>,300,210,300,200,998,110,<e>,<b>,300,210,300,200,998,110,<e>,<b>,300,210,210,300,200,998,200,110,110,<e>,<b>,200,200,210,210,200,200,200,200,200,110,<e>,<b>,210,200,200,200,210,200,110,<e>,<b>,300,210,300,200,110,<e>,<b>,300,210,300,200,210,110,<e>,<b>,300,210,300,210,110,<e>,<b>,300,210,210,300,310,210,110,110,<e>,<b>,310,310,310,999,310,210,110,<e>,<b>,998,210,210,210,210,998,998,110,<e>,<b>,210,210,200,210,200,210,200,200,210,110,<e>,<b>,210,210,200,210,110,<e>,<b>,200,200,110,<e>,<b>,300,210,300,200,110,<e>,<b>,300,210,300,310,310,200,200,110,<e>,<b>,300,210.0,300.0,200,210,110,<e>,<b>,310,310,210,300,210,110.0,<e>,<b>,300,210,300,200.0,210.0,110,<e>,<b>,300,210,300,200,110.0,<e>,<b>,300,210,300,200.0,110.0,<e>,<b>,300,300,200,110,<e>,<b>,210.0,210,210.0,200.0,200.0,110.0,110.0,<e>,<b>,210,200.0,200.0,210.0,210.0,200.0,110.0,<e>,<b>,300.0,210.0,300.0,210.0,210.0,200.0,110.0,<e>
23173,<b>,300,110,<e>,<b>,210,110,<e>,,,,,,,,,,,,,,,,,,,,,,,,,,,,,,,,,,,,,,,,,,,,,,,,,,,,,,,,,,,,,,,,,,,,,,,,,,,,,,,,,,,,,,,,,,,,,,,,,,,,,,,,,,,,,,,,,,,,,,,,,,,,,,,,,,,,,,,,,,,,,,,,,,,,,,,,,,,,,,,,,,,,,,,,,,,,,,,,,,,,,,,,,,,,,,,,,,,,,,,,,,,,,,,,,,,,,,,,,,
23176,<b>,300,110,<e>,<b>,400,210,110,<e>,<b>,300,110,<e>,<b>,300,110,<e>,<b>,400,200,110,200,110,<e>,<b>,998,110,<e>,<b>,310,210,110,<e>,<b>,300,110,<e>,<b>,300,210,110,110,<e>,<b>,998,210,110,<e>,<b>,200,110,<e>,<b>,210,210,110,<e>,<b>,300,210,110,210,110,<e>,,,,,,,,,,,,,,,,,,,,,,,,,,,,,,,,,,,,,,,,,,,,,,,,,,,,,,,,,,,,,,,,,,,,,,,,,,,,,,,,,,,,,,,,,,,,,,,,,,,,,,,,,,,,,,,,,,,,,,,,,,,,,,,,,,,,,,,,,,,,,,,,,,,,,,,,,,,,,,,,,,
23177,<b>,300,998,110,<e>,<b>,300,110,<e>,<b>,300,998,110,<e>,<b>,998,110,200,998,110,<e>,<b>,300,110,<e>,<b>,300,110,998,210,110,<e>,<b>,300,200,110,200,200,110,<e>,<b>,300,110,<e>,<b>,300,110,<e>,<b>,300,998,110,<e>,<b>,998,998,998,110,998,998,110,<e>,<b>,300,200,110,<e>,<b>,300,110,200,998,110,<e>,<b>,300,998,110,<e>,<b>,300,998,110,<e>,<b>,300,110,<e>,<b>,300,110,<e>,<b>,998,200,110,<e>,<b>,300,110,<e>,<b>,300,110,<e>,<b>,300,110,<e>,<b>,300,110,<e>,<b>,300,998,110,<e>,<b>,998,998,110,<e>,<b>,300,110,<e>,<b>,300,110,<e>,<b>,300,110,<e>,,,,,,,,,,,,,,,,,,,,,,,,,,,,,,,,,,,,,,,,,,,,,,,,,,,,,,,,,,,,,,,,,,,,,,,,,,,,,,,,,,,,,,,,,,,
23179,<b>,300,110,<e>,<b>,300,110,<e>,<b>,310,300,110,<e>,<b>,300,110,<e>,<b>,310,300,110,<e>,<b>,300,110,<e>,<b>,300,110,<e>,<b>,310,300,110,<e>,<b>,300,110,<e>,<b>,310,300,110,<e>,<b>,998,310,110,<e>,<b>,998,200,110,310,110,<e>,<b>,200,110,<e>,<b>,200,110,<e>,<b>,300,110,<e>,<b>,310,300,110,<e>,<b>,300,110,<e>,<b>,310,300,110,<e>,<b>,300,110,<e>,<b>,310,300,110,<e>,<b>,300,110,<e>,<b>,310,300,110,<e>,<b>,310,110,<e>,<b>,998,200,110,<e>,<b>,310,300,110,<e>,,,,,,,,,,,,,,,,,,,,,,,,,,,,,,,,,,,,,,,,,,,,,,,,,,,,,,,,,,,,,,,,,,,,,,,,,,,,,,,,,,,,,,,,,,,,,,,,,,,,,,,,,,,,,,,,
23180,<b>,300,110,<e>,<b>,200,110,<e>,<b>,300,110,<e>,<b>,300,110,<e>,<b>,300,110,<e>,<b>,300,110,<e>,<b>,999,300,110,<e>,<b>,300,110,<e>,<b>,300,110,<e>,<b>,300,110,<e>,<b>,200,110,<e>,<b>,300,110,<e>,<b>,300,110,<e>,<b>,300,110,<e>,<b>,300,110,<e>,<b>,300,110,<e>,<b>,300,110,<e>,<b>,300,110,<e>,<b>,200,110,<e>,<b>,300,110,<e>,,,,,,,,,,,,,,,,,,,,,,,,,,,,,,,,,,,,,,,,,,,,,,,,,,,,,,,,,,,,,,,,,,,,,,,,,,,,,,,,,,,,,,,,,,,,,,,,,,,,,,,,,,,,,,,,,,,,,,,,,,,,,,,,,,,,,,,,,,,,,,,,,
23182,<b>,200,110,<e>,<b>,210,110,<e>,<b>,310,110,<e>,<b>,300,110,<e>,<b>,300,110,<e>,<b>,300,310,110,<e>,<b>,998,998,110,<e>,<b>,998,998,110,<e>,<b>,210,210,110,<e>,<b>,300,210,200,200,110,<e>,<b>,300,110,<e>,<b>,300,110,<e>,<b>,300,110,<e>,<b>,998,110,<e>,,,,,,,,,,,,,,,,,,,,,,,,,,,,,,,,,,,,,,,,,,,,,,,,,,,,,,,,,,,,,,,,,,,,,,,,,,,,,,,,,,,,,,,,,,,,,,,,,,,,,,,,,,,,,,,,,,,,,,,,,,,,,,,,,,,,,,,,,,,,,,,,,,,,,,,,,,,,,,,,,,,
23184,<b>,300,110,<e>,<b>,300,110,<e>,<b>,300,110,<e>,<b>,200,110,200,110,200,110,<e>,<b>,300,110,<e>,<b>,300,110,<e>,<b>,300,110,<e>,<b>,300,110,<e>,<b>,210,200,110,200,200,110,<e>,<b>,300,110,<e>,<b>,998,998,210,998,998,110,<e>,<b>,300,110,<e>,<b>,300,110,<e>,<b>,300,110,<e>,<b>,200,300,110,<e>,<b>,300,110,200,300,110,<e>,<b>,300,110,<e>,<b>,300,110,<e>,<b>,200,110,110,998,110,<e>,<b>,300,110,<e>,<b>,210,110,200,200,200,110,200,110,<e>,<b>,300,110,<e>,<b>,300,110,<e>,<b>,300,110,<e>,<b>,200,110,210,200,210,110,<e>,<b>,300,110,<e>,<b>,300,110,<e>,,,,,,,,,,,,,,,,,,,,,,,,,,,,,,,,,,,,,,,,,,,,,,,,,,,,,,,,,,,,,,,,,,,,,,,,,,,,,,,,,,,,,,,,,
23189,<b>,300,110,<e>,<b>,300,110,<e>,<b>,300,110,<e>,<b>,200,200,110,<e>,<b>,300,200,200,110,<e>,<b>,998,998,210,210,200,200,110,998,110,<e>,<b>,200,210,200,110,998,110,<e>,<b>,200,210,210,998,110,<e>,<b>,210,210,210,200,210,110,<e>,<b>,998,210,210,210,200,200,110,<e>,<b>,200,200,200,210,210,200,210,110,<e>,<b>,210,998,998,210,210,110,<e>,<b>,210,210,210,998,200,110,<e>,,,,,,,,,,,,,,,,,,,,,,,,,,,,,,,,,,,,,,,,,,,,,,,,,,,,,,,,,,,,,,,,,,,,,,,,,,,,,,,,,,,,,,,,,,,,,,,,,,,,,,,,,,,,,,,,,,,,,,,,,,,,,,,,,,,,,,
23193,<b>,300,110,<e>,<b>,200,110,210,210,110,<e>,<b>,210,110,210,110,<e>,<b>,200,210,200,200,110,<e>,<b>,210,200,110,210,110,<e>,<b>,998,200,110,<e>,<b>,210,110,300,110,<e>,<b>,200,210,110,<e>,<b>,300,110,110,210,200,200,110,<e>,<b>,200,200,200,998,110,<e>,<b>,200,110,<e>,<b>,200,200,110,<e>,<b>,310,200,210,310,110,<e>,<b>,200,110,<e>,<b>,998,200,110,<e>,<b>,200,998,200,110,<e>,<b>,200,200,210,110,<e>,<b>,210,200,200,110,<e>,<b>,210,200,110,210,110,<e>,<b>,210,110,310,110,<e>,<b>,200,110,210,110,210,110,<e>,<b>,200,200,110,200,110,210,200,110,<e>,<b>,210,110,210,110,200,110,210,200,110,<e>,<b>,210,200,110,210,110,<e>,<b>,210,210.0,210.0,110,<e>,<b>,210,200,110,<e>,<b>,210,110,200.0,200,110,<e>,<b>,200,300.0,200.0,210,110,<e>,,,,,,,,,,,,,,,,,,,,,,,,,,,,,,,,,,,,,,,,,,,,,,
23194,<b>,300,110,<e>,<b>,998,110,<e>,<b>,300,110,<e>,<b>,300,110,<e>,<b>,300,110,<e>,<b>,300,110,<e>,<b>,300,110,<e>,<b>,200,110,<e>,<b>,210,110,<e>,<b>,200,110,<e>,<b>,200,110,<e>,<b>,210,110,<e>,<b>,300,110,<e>,<b>,300,110,<e>,<b>,310,110,<e>,<b>,300,110,<e>,<b>,200,110,<e>,<b>,210,110,<e>,<b>,310,110,<e>,,,,,,,,,,,,,,,,,,,,,,,,,,,,,,,,,,,,,,,,,,,,,,,,,,,,,,,,,,,,,,,,,,,,,,,,,,,,,,,,,,,,,,,,,,,,,,,,,,,,,,,,,,,,,,,,,,,,,,,,,,,,,,,,,,,,,,,,,,,,,,,,,,,,,,
23196,<b>,200,300,110,<e>,<b>,300,200,110,<e>,<b>,300,110,<e>,<b>,210,200,110,<e>,<b>,300,110,<e>,<b>,210,110,210,110,<e>,<b>,200,200,200,200,110,<e>,<b>,300,200,110,<e>,<b>,200,110,<e>,<b>,300,200,200,110,<e>,<b>,300,200,200,200,110,<e>,,,,,,,,,,,,,,,,,,,,,,,,,,,,,,,,,,,,,,,,,,,,,,,,,,,,,,,,,,,,,,,,,,,,,,,,,,,,,,,,,,,,,,,,,,,,,,,,,,,,,,,,,,,,,,,,,,,,,,,,,,,,,,,,,,,,,,,,,,,,,,,,,,,,,,,,,,,,,,,,,,,,,,,,
23197,<b>,300,110,<e>,<b>,300,110,<e>,<b>,300,110,<e>,<b>,300,110,<e>,<b>,300,210,110,<e>,<b>,300,200,110,<e>,<b>,210,110,<e>,<b>,300,110,210,110,<e>,<b>,300,110,<e>,<b>,300,110,<e>,<b>,300,110,<e>,<b>,300,110,<e>,<b>,200,110,<e>,<b>,210,110,<e>,<b>,200,110,<e>,<b>,200,110,210,110,<e>,<b>,210,110,<e>,<b>,300,110,<e>,<b>,300,110,<e>,<b>,300,110,<e>,<b>,300,110,<e>,<b>,300,300,300,300,200,110,<e>,<b>,300,110,<e>,<b>,300,110,<e>,<b>,300,110,<e>,<b>,200,110,<e>,<b>,210,110,<e>,<b>,300,110,<e>,,,,,,,,,,,,,,,,,,,,,,,,,,,,,,,,,,,,,,,,,,,,,,,,,,,,,,,,,,,,,,,,,,,,,,,,,,,,,,,,,,,,,,,,,,,,,,,,,,,,,,,,
23203,<b>,300,110,<e>,<b>,300,110,<e>,<b>,300,200,210,110,<e>,<b>,300,210,110,<e>,<b>,300,110,<e>,<b>,300,110,<e>,<b>,300,110,<e>,<b>,300,110,<e>,<b>,300,210,210,110,<e>,<b>,300,110,<e>,<b>,200,210,110,<e>,<b>,300,110,<e>,<b>,300,210,210,110,<e>,<b>,300,110,<e>,<b>,300,110,<e>,<b>,300,210,110,<e>,<b>,300,110,<e>,<b>,300,210,110,<e>,<b>,210,210,110,<e>,<b>,300,300,110,<e>,,,,,,,,,,,,,,,,,,,,,,,,,,,,,,,,,,,,,,,,,,,,,,,,,,,,,,,,,,,,,,,,,,,,,,,,,,,,,,,,,,,,,,,,,,,,,,,,,,,,,,,,,,,,,,,,,,,,,,,,,,,,,,,,,,,,,,
23205,<b>,300,200,300,110,200,110,<e>,<b>,300,200,300,110,200,110,<e>,<b>,300,200,300,998,110,200,110,<e>,<b>,300,200,300,998,110,200,110,<e>,<b>,300,200,300,998,110,200,110,<e>,<b>,200,110,400,200,110,200,200,110,200,110,<e>,<b>,998,110,998,110,200,200,110,<e>,<b>,998,110,200,110,998,200,110,200,110,<e>,<b>,300,200,300,200,110,200,110,<e>,<b>,300,200,200,300,200,110,200,110,<e>,<b>,300,200,300,110,200,110,<e>,<b>,300,200,300,998,998,998,998,998,998,998,998,998,998,998,200,110,200,110,<e>,<b>,998,998,998,998,998,210,998,998,998,200,110,400,110,<e>,<b>,200,998,998,110,200,110,200,110,<e>,<b>,998,200,200,200,200,110,400,200,110,200.0,110.0,<e>,<b>,200,110,200,110,110,<e>,<b>,200,998.0,110,200,110,<e>,<b>,300.0,200.0,300,998,998,200,200,110,200,110.0,<e>,<b>,300,200,300,200.0,300.0,200,110,200,200,110,<e>,<b>,200,200.0,200,110.0,400.0,110.0,200.0,200.0,200,110,<e>,,,,,,,,,,,,,,,,
23207,<b>,300,310,110,200,110,<e>,<b>,300,210,310,110,<e>,<b>,210,200,110,<e>,<b>,310,110,<e>,<b>,210,110,<e>,<b>,300,310,110,200,110,<e>,<b>,200,210,998,200,110,<e>,<b>,210,200,210,110,<e>,<b>,310,998,200,110,<e>,<b>,998,200,210,210,110,<e>,,,,,,,,,,,,,,,,,,,,,,,,,,,,,,,,,,,,,,,,,,,,,,,,,,,,,,,,,,,,,,,,,,,,,,,,,,,,,,,,,,,,,,,,,,,,,,,,,,,,,,,,,,,,,,,,,,,,,,,,,,,,,,,,,,,,,,,,,,,,,,,,,,,,,,,,,,,,,,,,,,,,,,,
23209,<b>,300,998,110,<e>,<b>,300,110,<e>,<b>,200,210,110,<e>,<b>,998,110,<e>,<b>,998,110,<e>,,,,,,,,,,,,,,,,,,,,,,,,,,,,,,,,,,,,,,,,,,,,,,,,,,,,,,,,,,,,,,,,,,,,,,,,,,,,,,,,,,,,,,,,,,,,,,,,,,,,,,,,,,,,,,,,,,,,,,,,,,,,,,,,,,,,,,,,,,,,,,,,,,,,,,,,,,,,,,,,,,,,,,,,,,,,,,,,,,,,,,,,,,,,,,,,,,,,,,,,,,,,
23210,<b>,300,300,110,<e>,<b>,210,110,<e>,<b>,300,110,<e>,<b>,300,110,<e>,,,,,,,,,,,,,,,,,,,,,,,,,,,,,,,,,,,,,,,,,,,,,,,,,,,,,,,,,,,,,,,,,,,,,,,,,,,,,,,,,,,,,,,,,,,,,,,,,,,,,,,,,,,,,,,,,,,,,,,,,,,,,,,,,,,,,,,,,,,,,,,,,,,,,,,,,,,,,,,,,,,,,,,,,,,,,,,,,,,,,,,,,,,,,,,,,,,,,,,,,,,,,,,,,
23218,<b>,300,310,110,<e>,<b>,300,300,110,<e>,<b>,998,999,310,310,310,110,998,110,<e>,<b>,300,110,<e>,<b>,310,300,110,<e>,<b>,310,310,110,<e>,<b>,310,300,210,300,110,<e>,<b>,998,110,<e>,<b>,210,210,210,210,110,<e>,<b>,210,210,110,110,<e>,<b>,210,110,<e>,<b>,300,110,<e>,<b>,300,110,<e>,<b>,210,110,<e>,<b>,310,310,310,110,<e>,<b>,310,110,<e>,,,,,,,,,,,,,,,,,,,,,,,,,,,,,,,,,,,,,,,,,,,,,,,,,,,,,,,,,,,,,,,,,,,,,,,,,,,,,,,,,,,,,,,,,,,,,,,,,,,,,,,,,,,,,,,,,,,,,,,,,,,,,,,,,,,,,,,,,,,,,,
23219,<b>,998,200,200,110,<e>,<b>,200,110,200,200,200,200,110,200,200,200,200,110,200,110,<e>,<b>,200,110,200,200,200,200,200,200,110,200,200,200,200,200,110,200,200,999,200,200,200,200,110,200,200,110,<e>,<b>,200,110,<e>,<b>,998,110,200,998,110,200,110,200,200,200,200,200,110,<e>,<b>,998,200,110,200,200,200,998,110,200,200,200,110,<e>,<b>,998,200,200,110,200,200,110,<e>,<b>,200,110,998,998,110,200,200,200,200,200,200,110,<e>,<b>,200,200,200,200,200,110,200,110,200,200,200,110,<e>,<b>,200,200,200,200,200,200,200,200,110,<e>,<b>,200,200,200,200,200,110,<e>,<b>,200,200,200,200,200,200,200,110,<e>,<b>,200,200,110,<e>,<b>,200,200,200.0,200.0,110,110,<e>,,,,,,,,,,,,,,,,,,,,,,,,,,,,,,,,,,,,,,,,,,,,,,,,,,,,,,,,,,,,,,,,
23222,<b>,998,998,200,110,110,110,998,998,998,998,110,110,<e>,<b>,300,110,<e>,<b>,300,110,998,998,200,110,200,110,<e>,<b>,300,110,<e>,<b>,998,300,110,998,110,998,110,<e>,<b>,998,200,200,110,998,210,110,<e>,<b>,200,210,210,998,998,110,<e>,<b>,998,110,200,200,110,998,998,110,<e>,<b>,300,110,<e>,<b>,300,110,998,200,200,110,998,110,<e>,<b>,300,110,<e>,<b>,300,210,110,<e>,<b>,998,200,210,200,998,998,110,<e>,<b>,998,210,110,998,110,<e>,<b>,998,110,998,210,110,<e>,<b>,300,110,<e>,<b>,998,300,110,<e>,<b>,300,110,<e>,<b>,300,110,200,200,110,<e>,<b>,200,110,<e>,<b>,300,110,200,200,110,998,110,<e>,<b>,300,110,<e>,<b>,300,110,<e>,<b>,998,110.0,210.0,998,210,110,<e>,<b>,300,200,200,110,<e>,,,,,,,,,,,,,,,,,,,,,,,,,,,,,,,,,,,,,,,,,,,,,,,,,,,,,,,,,
23224,<b>,998,200,110,200,110,<e>,<b>,200,110,<e>,<b>,200,110,<e>,<b>,200,200,200,110,<e>,<b>,200,110,<e>,<b>,200,110,<e>,<b>,200,998,998,210,110,110,110,<e>,<b>,210,210,200,110,<e>,<b>,200,110,<e>,<b>,200,110,<e>,,,,,,,,,,,,,,,,,,,,,,,,,,,,,,,,,,,,,,,,,,,,,,,,,,,,,,,,,,,,,,,,,,,,,,,,,,,,,,,,,,,,,,,,,,,,,,,,,,,,,,,,,,,,,,,,,,,,,,,,,,,,,,,,,,,,,,,,,,,,,,,,,,,,,,,,,,,,,,,,,,,,,,,,,,,,,,
23225,<b>,300,110,<e>,<b>,300,300,210,110,<e>,<b>,300,110,<e>,<b>,300,110,<e>,<b>,300,110,<e>,<b>,998,998,110,<e>,<b>,300,110,<e>,<b>,300,110,<e>,<b>,300,300,200,110,<e>,<b>,300,998,110,<e>,<b>,998,210,200,998,200,110,<e>,<b>,200,998,998,110,<e>,<b>,210,998,110,210,200,200,210,110,<e>,<b>,300,300,110,<e>,<b>,300,300,110,<e>,<b>,300,110,<e>,<b>,300,110,<e>,<b>,300,110,<e>,<b>,300,300,110,<e>,<b>,999,300,998,110,<e>,<b>,300,210,110,<e>,<b>,998,998,998,200,210,110,<e>,<b>,300,300,998,110,<e>,,,,,,,,,,,,,,,,,,,,,,,,,,,,,,,,,,,,,,,,,,,,,,,,,,,,,,,,,,,,,,,,,,,,,,,,,,,,,,,,,,,,,,,,,,,,,,,,,,,,,,,,
23228,<b>,300,200,110,<e>,<b>,300,110,<e>,<b>,300,110,<e>,<b>,300,110,<e>,<b>,300,110,<e>,<b>,200,200,110,<e>,<b>,200,200,110,110,<e>,<b>,300,110,<e>,<b>,300,110,<e>,<b>,300,110,<e>,<b>,300,998,200,200,110,<e>,<b>,300,110,<e>,<b>,998,998,110,<e>,<b>,200,110,<e>,<b>,200,200,110,<e>,<b>,300,200,110,<e>,<b>,200,200,210,110,<e>,,,,,,,,,,,,,,,,,,,,,,,,,,,,,,,,,,,,,,,,,,,,,,,,,,,,,,,,,,,,,,,,,,,,,,,,,,,,,,,,,,,,,,,,,,,,,,,,,,,,,,,,,,,,,,,,,,,,,,,,,,,,,,,,,,,,,,,,,,,,,,,,,,
23233,<b>,300,110,<e>,<b>,300,110,<e>,<b>,300,210,300,110,<e>,<b>,300,210,300,110,<e>,<b>,300,210,300,300,110,<e>,<b>,200,200,110,<e>,<b>,998,210,300,110,<e>,<b>,300,210,300,110,<e>,<b>,300,210,300,110,<e>,<b>,998,300,210,300,110,<e>,<b>,300,998,200,200,110,<e>,<b>,998,998,110,200,110,<e>,<b>,998,110,<e>,<b>,998,210,210,110,<e>,<b>,300,210,300,110,<e>,<b>,300,110,<e>,<b>,300,210,300,110,<e>,<b>,300,110,<e>,<b>,300,210,300,110,<e>,<b>,300,210,300,210,998,110,<e>,<b>,300,110,<e>,<b>,300,110,<e>,<b>,300,110,<e>,,,,,,,,,,,,,,,,,,,,,,,,,,,,,,,,,,,,,,,,,,,,,,,,,,,,,,,,,,,,,,,,,,,,,,,,,,,,,,,,,,,,,,,,,,,,,,,,,,,
23234,<b>,300,110,110,<e>,<b>,300,300,110,110,<e>,<b>,310,300,110,110,<e>,<b>,210,210,200,200,200,200,110,<e>,<b>,210,110,110,<e>,<b>,300,110,<e>,<b>,300,110,<e>,<b>,300,110,<e>,<b>,300,110,<e>,<b>,300,110,<e>,<b>,300,110,<e>,<b>,200,200,200,300,300,300,110,<e>,<b>,200,200,200,210,210,210,200,110,<e>,<b>,300,300,300,110,<e>,<b>,300,200,210,110,<e>,<b>,210,200,110,<e>,,,,,,,,,,,,,,,,,,,,,,,,,,,,,,,,,,,,,,,,,,,,,,,,,,,,,,,,,,,,,,,,,,,,,,,,,,,,,,,,,,,,,,,,,,,,,,,,,,,,,,,,,,,,,,,,,,,,,,,,,,,,,,,,,,,,,,,
23235,<b>,300,300,300,300,300,110,<e>,<b>,300,110,<e>,<b>,300,110,<e>,<b>,300,110,<e>,<b>,300,110,<e>,<b>,300,110,<e>,<b>,300,110,<e>,<b>,300,110,<e>,<b>,998,110,<e>,<b>,200,110,<e>,<b>,998,998,110,<e>,<b>,300,110,<e>,<b>,300,998,110,<e>,<b>,998,998,110,<e>,<b>,300,110,<e>,,,,,,,,,,,,,,,,,,,,,,,,,,,,,,,,,,,,,,,,,,,,,,,,,,,,,,,,,,,,,,,,,,,,,,,,,,,,,,,,,,,,,,,,,,,,,,,,,,,,,,,,,,,,,,,,,,,,,,,,,,,,,,,,,,,,,,,,,,,,,,,,,,,,,,,,,,,,,,,
23238,<b>,300,300,300,110,<e>,<b>,300,110,<e>,<b>,300,110,<e>,<b>,300,110,<e>,<b>,210,110,<e>,<b>,210,110,<e>,<b>,300,110,<e>,<b>,300,110,<e>,<b>,300,200,110,<e>,<b>,300,110,<e>,<b>,200,110,<e>,<b>,200,110,<e>,<b>,200,110,<e>,,,,,,,,,,,,,,,,,,,,,,,,,,,,,,,,,,,,,,,,,,,,,,,,,,,,,,,,,,,,,,,,,,,,,,,,,,,,,,,,,,,,,,,,,,,,,,,,,,,,,,,,,,,,,,,,,,,,,,,,,,,,,,,,,,,,,,,,,,,,,,,,,,,,,,,,,,,,,,,,,,,,,,,,,,,
23239,<b>,300,110,<e>,<b>,310,300,110,<e>,<b>,310,300,110,<e>,<b>,310,300,110,<e>,<b>,300,110,<e>,<b>,310,110,998,110,<e>,<b>,310,110,<e>,<b>,300,110,<e>,<b>,310,300,110,<e>,<b>,310,300,110,<e>,<b>,310,300,210,110,<e>,<b>,300,110,<e>,<b>,310,110,<e>,<b>,310,110,110,<e>,<b>,310,200,110,<e>,<b>,310,200,110,<e>,<b>,300,110,<e>,<b>,300,110,<e>,<b>,310,300,110,<e>,<b>,300,110,<e>,<b>,300,110,<e>,<b>,300,110,<e>,<b>,300,110,<e>,<b>,300,110,<e>,<b>,310,300,110,<e>,<b>,310,200,310,110,<e>,<b>,310,200,110,<e>,<b>,300,110,<e>,,,,,,,,,,,,,,,,,,,,,,,,,,,,,,,,,,,,,,,,,,,,,,,,,,,,,,,,,,,,,,,,,,,,,,,,,,,,,,,,,,,,,,,,,,,,,,,,,
23241,<b>,300,110,<e>,<b>,300,110,<e>,<b>,998,210,110,<e>,<b>,300,210,210,110,<e>,<b>,300,110,<e>,<b>,300,110,<e>,<b>,998,110,210,110,<e>,<b>,300,110,<e>,<b>,300,110,<e>,<b>,210,110,<e>,<b>,300,110,<e>,<b>,300,310,300,110,<e>,<b>,300,310,300,310,300,110,<e>,<b>,210,110,<e>,<b>,200,110,210,110,200,110,<e>,<b>,200,200,110,110,<e>,<b>,300,310,300,310,300,110,<e>,<b>,300,210,300,110,<e>,<b>,300,310,300,110,<e>,<b>,300,310,300,110,<e>,<b>,300,110,<e>,<b>,998,200,110,110,200,110,<e>,<b>,300,110,<e>,<b>,300,310,300,110,<e>,<b>,300,210,300,200,110,<e>,<b>,998,110,998,110,<e>,<b>,300,110,<e>,,,,,,,,,,,,,,,,,,,,,,,,,,,,,,,,,,,,,,,,,,,,,,,,,,,,,,,,,,,,,,,,,,,,,,,,,,,,,,,,
23242,<b>,998,110,<e>,<b>,998,110,<e>,<b>,300,210,300,110,<e>,<b>,998,110,998,110,<e>,<b>,200,110,<e>,<b>,998,110,200,110,<e>,<b>,200,110,<e>,<b>,998,110,<e>,<b>,200,110,<e>,<b>,998,200,998,110,<e>,<b>,200,110,200,200,110,<e>,<b>,998,110,<e>,<b>,998,110,<e>,<b>,998,110,998,110,<e>,<b>,998,110,998,110,<e>,<b>,998,110,<e>,<b>,998,110,<e>,<b>,998,110,<e>,<b>,200,110,998,110,<e>,<b>,200,110,<e>,<b>,998,110,<e>,<b>,998,110,<e>,,,,,,,,,,,,,,,,,,,,,,,,,,,,,,,,,,,,,,,,,,,,,,,,,,,,,,,,,,,,,,,,,,,,,,,,,,,,,,,,,,,,,,,,,,,,,,,,,,,,,,,,,,,,,,,,,,,,,,,,,
23244,<b>,300,110,<e>,<b>,300,110,<e>,<b>,998,110,<e>,<b>,210,110,210,110,<e>,<b>,210,110,<e>,<b>,300,110,<e>,<b>,300,110,<e>,<b>,300,210,110,<e>,<b>,300,110,<e>,<b>,300,110,<e>,<b>,210,110,<e>,<b>,210,210,110,<e>,<b>,210,110,<e>,<b>,300,110,<e>,<b>,300,110,<e>,<b>,300,110,<e>,<b>,210,210,110,<e>,,,,,,,,,,,,,,,,,,,,,,,,,,,,,,,,,,,,,,,,,,,,,,,,,,,,,,,,,,,,,,,,,,,,,,,,,,,,,,,,,,,,,,,,,,,,,,,,,,,,,,,,,,,,,,,,,,,,,,,,,,,,,,,,,,,,,,,,,,,,,,,,,,,,,,,,,
23019,<b>,300,110,<e>,<b>,300,110,<e>,<b>,300,110,<e>,<b>,300,110,<e>,<b>,310,300,110,<e>,<b>,300,110,<e>,<b>,300,110,<e>,<b>,300,110,<e>,<b>,300,110,<e>,<b>,300,110,<e>,,,,,,,,,,,,,,,,,,,,,,,,,,,,,,,,,,,,,,,,,,,,,,,,,,,,,,,,,,,,,,,,,,,,,,,,,,,,,,,,,,,,,,,,,,,,,,,,,,,,,,,,,,,,,,,,,,,,,,,,,,,,,,,,,,,,,,,,,,,,,,,,,,,,,,,,,,,,,,,,,,,,,,,,,,,,,,,,,,,,,,,,,
23028,<b>,998,110,<e>,<b>,999,998,200,110,<e>,<b>,998,110,998,110,<e>,<b>,200,110,<e>,<b>,200,200,110,<e>,<b>,998,110,<e>,<b>,210,998,110,<e>,<b>,998,200,110,<e>,<b>,200,200,110,<e>,<b>,210,200,110,<e>,<b>,210,110,<e>,<b>,200,210,998,110,<e>,<b>,200,200,110,<e>,<b>,210,210,110,<e>,<b>,998,110,<e>,<b>,200,110,<e>,<b>,998,110,<e>,<b>,200,110,998,200,110,<e>,<b>,200,110,110,110,<e>,<b>,998,110,998,110,<e>,<b>,200,110,<e>,<b>,998,110,<e>,<b>,998,110,<e>,<b>,200,110,<e>,,,,,,,,,,,,,,,,,,,,,,,,,,,,,,,,,,,,,,,,,,,,,,,,,,,,,,,,,,,,,,,,,,,,,,,,,,,,,,,,,,,,,,,,,,,,,,,,,,,,,,,,,,,,,,
23030,<b>,999,300,210,110,<e>,<b>,300,210,110,<e>,<b>,300,210,110,<e>,<b>,300,210,310,110,<e>,<b>,300,210,200,110,<e>,<b>,300,110,<e>,<b>,300,210,110,<e>,<b>,300,210,110,<e>,<b>,300,110,<e>,<b>,300,110,<e>,<b>,300,110,<e>,<b>,300,110,<e>,<b>,300,110,<e>,<b>,300,210,110,<e>,<b>,300,110,<e>,<b>,300,210,110,<e>,<b>,300,110,<e>,<b>,300,210,110,<e>,<b>,300,210,110,<e>,<b>,300,210,110,<e>,<b>,300,210,210,110,<e>,<b>,300,110,<e>,,,,,,,,,,,,,,,,,,,,,,,,,,,,,,,,,,,,,,,,,,,,,,,,,,,,,,,,,,,,,,,,,,,,,,,,,,,,,,,,,,,,,,,,,,,,,,,,,,,,,,,,,,,,,,,,,,,,,,,,,
23041,<b>,200,110,<e>,<b>,998,110,<e>,<b>,998,110,<e>,<b>,998,110,<e>,<b>,998,110,<e>,<b>,998,998,300,200,998,110,<e>,<b>,210,110,<e>,<b>,998,200,200,110,<e>,<b>,998,998,110,<e>,<b>,998,210,110,<e>,<b>,998,200,110,<e>,<b>,998,998,210,200,110,<e>,,,,,,,,,,,,,,,,,,,,,,,,,,,,,,,,,,,,,,,,,,,,,,,,,,,,,,,,,,,,,,,,,,,,,,,,,,,,,,,,,,,,,,,,,,,,,,,,,,,,,,,,,,,,,,,,,,,,,,,,,,,,,,,,,,,,,,,,,,,,,,,,,,,,,,,,,,,,,,,,,,,,,,
23050,<b>,998,200,110,<e>,<b>,998,300,110,110,<e>,<b>,300,200,200,300,210,110,<e>,<b>,310,300,300,110,<e>,<b>,200,998,200,110,<e>,<b>,200,200,110,200,200,110,<e>,<b>,300,300,200,200,200,110,<e>,<b>,200,200,998,200,110,<e>,<b>,200,300,200,300,110,<e>,<b>,300,300,998,210,110,<e>,<b>,310,110,110,<e>,<b>,210,200,110,<e>,<b>,998,110,<e>,<b>,200,210,210,110,<e>,<b>,210,200,110,<e>,<b>,210,200,210,110,<e>,<b>,300,110,<e>,<b>,998,110,200,110,200,110,<e>,<b>,200,110,999,998,200,110,<e>,<b>,300,110,<e>,<b>,300,310,310,200,110,<e>,<b>,200,110,200,110,<e>,<b>,210,110,200,110,<e>,<b>,300,300,110,<e>,<b>,200,200,998,110,<e>,<b>,210,200,110,998.0,998.0,200,110,<e>,<b>,310,110,<e>,,,,,,,,,,,,,,,,,,,,,,,,,,,,,,,,,,,,,,,,,,,,,,,,,,,,,,,,,,,,
23074,<b>,300,110,<e>,<b>,300,110,<e>,<b>,200,110,<e>,<b>,300,110,<e>,<b>,310,110,<e>,,,,,,,,,,,,,,,,,,,,,,,,,,,,,,,,,,,,,,,,,,,,,,,,,,,,,,,,,,,,,,,,,,,,,,,,,,,,,,,,,,,,,,,,,,,,,,,,,,,,,,,,,,,,,,,,,,,,,,,,,,,,,,,,,,,,,,,,,,,,,,,,,,,,,,,,,,,,,,,,,,,,,,,,,,,,,,,,,,,,,,,,,,,,,,,,,,,,,,,,,,,,,,
23075,<b>,998,110,<e>,<b>,200,110,<e>,<b>,300,110,<e>,<b>,998,110,<e>,<b>,210,110,<e>,<b>,998,110,<e>,<b>,998,110,<e>,<b>,998,998,110,<e>,<b>,998,110,<e>,<b>,998,998,110,<e>,<b>,998,110,<e>,,,,,,,,,,,,,,,,,,,,,,,,,,,,,,,,,,,,,,,,,,,,,,,,,,,,,,,,,,,,,,,,,,,,,,,,,,,,,,,,,,,,,,,,,,,,,,,,,,,,,,,,,,,,,,,,,,,,,,,,,,,,,,,,,,,,,,,,,,,,,,,,,,,,,,,,,,,,,,,,,,,,,,,,,,,,,,,,,,,,
23079,<b>,300,110,<e>,<b>,300,110,<e>,<b>,998,300,210,110,<e>,<b>,300,110,<e>,<b>,300,110,<e>,<b>,300,110,<e>,<b>,300,110,<e>,<b>,200,110,<e>,<b>,210,110,<e>,<b>,210,200,110,<e>,<b>,300,110,<e>,<b>,300,110,<e>,<b>,300,110,<e>,<b>,300,110,<e>,<b>,300,110,<e>,<b>,300,110,<e>,,,,,,,,,,,,,,,,,,,,,,,,,,,,,,,,,,,,,,,,,,,,,,,,,,,,,,,,,,,,,,,,,,,,,,,,,,,,,,,,,,,,,,,,,,,,,,,,,,,,,,,,,,,,,,,,,,,,,,,,,,,,,,,,,,,,,,,,,,,,,,,,,,,,,,,,,,,,,,,
23083,<b>,310,310,310,110,<e>,<b>,200,200,110,<e>,,,,,,,,,,,,,,,,,,,,,,,,,,,,,,,,,,,,,,,,,,,,,,,,,,,,,,,,,,,,,,,,,,,,,,,,,,,,,,,,,,,,,,,,,,,,,,,,,,,,,,,,,,,,,,,,,,,,,,,,,,,,,,,,,,,,,,,,,,,,,,,,,,,,,,,,,,,,,,,,,,,,,,,,,,,,,,,,,,,,,,,,,,,,,,,,,,,,,,,,,,,,,,,,,,,,,,,
23100,<b>,300,210,110,<e>,<b>,300,110,<e>,<b>,999,110,<e>,<b>,210,310,110,<e>,<b>,998,110,<e>,<b>,300,210,110,<e>,<b>,300,210,110,<e>,<b>,300,210,110,<e>,<b>,998,110,<e>,<b>,210,110,<e>,<b>,210,200,998,110,<e>,<b>,210,200,110,<e>,<b>,210,110,<e>,<b>,300,110,<e>,<b>,300,210,110,<e>,<b>,300,110,<e>,<b>,300,210,110,<e>,<b>,300,210,110,<e>,<b>,210,300,110,<e>,<b>,300,210,110,<e>,<b>,300,210,998,110,<e>,<b>,210,210,310,110,<e>,<b>,210,210,200,998,110,<e>,<b>,300,210,110,<e>,,,,,,,,,,,,,,,,,,,,,,,,,,,,,,,,,,,,,,,,,,,,,,,,,,,,,,,,,,,,,,,,,,,,,,,,,,,,,,,,,,,,,,,,,,,,,,,,,,,,,,,,,,,,,
23101,<b>,300,310,110,<e>,<b>,300,110,<e>,<b>,300,110,<e>,<b>,300,110,<e>,<b>,300,110,<e>,<b>,300,310,110,<e>,<b>,300,110,<e>,<b>,210,110,<e>,<b>,300,110,<e>,<b>,300,110,<e>,<b>,300,310,110,<e>,,,,,,,,,,,,,,,,,,,,,,,,,,,,,,,,,,,,,,,,,,,,,,,,,,,,,,,,,,,,,,,,,,,,,,,,,,,,,,,,,,,,,,,,,,,,,,,,,,,,,,,,,,,,,,,,,,,,,,,,,,,,,,,,,,,,,,,,,,,,,,,,,,,,,,,,,,,,,,,,,,,,,,,,,,,,,,,,,,,
23112,<b>,300,110,<e>,<b>,300,110,<e>,<b>,999,998,210,110,<e>,<b>,998,210,110,<e>,<b>,998,110,110,<e>,<b>,998,998,110,<e>,<b>,998,998,110,<e>,<b>,998,110,<e>,<b>,998,998,110,<e>,<b>,998,998,110,<e>,,,,,,,,,,,,,,,,,,,,,,,,,,,,,,,,,,,,,,,,,,,,,,,,,,,,,,,,,,,,,,,,,,,,,,,,,,,,,,,,,,,,,,,,,,,,,,,,,,,,,,,,,,,,,,,,,,,,,,,,,,,,,,,,,,,,,,,,,,,,,,,,,,,,,,,,,,,,,,,,,,,,,,,,,,,,,,,,,,
23127,<b>,998,200,110,<e>,<b>,210,110,<e>,<b>,200,110,<e>,<b>,200,200,110,<e>,<b>,200,110,<e>,<b>,210,200,110,<e>,<b>,210,110,<e>,<b>,200,200,110,<e>,<b>,200,110,<e>,<b>,200,110,<e>,<b>,210,110,<e>,<b>,200,200,110,<e>,<b>,998,110,<e>,<b>,210,200,110,<e>,<b>,200,110,<e>,<b>,200,110,<e>,,,,,,,,,,,,,,,,,,,,,,,,,,,,,,,,,,,,,,,,,,,,,,,,,,,,,,,,,,,,,,,,,,,,,,,,,,,,,,,,,,,,,,,,,,,,,,,,,,,,,,,,,,,,,,,,,,,,,,,,,,,,,,,,,,,,,,,,,,,,,,,,,,,,,,,,,,,,
23136,<b>,310,300,998,110,<e>,<b>,310,300,110,<e>,<b>,300,110,<e>,<b>,200,110,<e>,<b>,200,110,200,110,<e>,<b>,300,110,<e>,<b>,300,110,<e>,<b>,998,110,<e>,<b>,200,110,210,110,<e>,<b>,200,110,<e>,<b>,210,110,<e>,<b>,300,110,<e>,<b>,300,110,<e>,<b>,300,110,<e>,<b>,998,110,<e>,<b>,300,110,<e>,<b>,998,110,<e>,<b>,210,110,998,110,<e>,<b>,300,110,<e>,,,,,,,,,,,,,,,,,,,,,,,,,,,,,,,,,,,,,,,,,,,,,,,,,,,,,,,,,,,,,,,,,,,,,,,,,,,,,,,,,,,,,,,,,,,,,,,,,,,,,,,,,,,,,,,,,,,,,,,,,,,,,,,,,,,,,,,,,,,,,
23137,<b>,300,110,<e>,<b>,300,110,<e>,<b>,300,110,<e>,<b>,210,110,<e>,,,,,,,,,,,,,,,,,,,,,,,,,,,,,,,,,,,,,,,,,,,,,,,,,,,,,,,,,,,,,,,,,,,,,,,,,,,,,,,,,,,,,,,,,,,,,,,,,,,,,,,,,,,,,,,,,,,,,,,,,,,,,,,,,,,,,,,,,,,,,,,,,,,,,,,,,,,,,,,,,,,,,,,,,,,,,,,,,,,,,,,,,,,,,,,,,,,,,,,,,,,,,,,,,,
23142,<b>,998,110,<e>,<b>,998,110,<e>,<b>,998,110,<e>,<b>,210,110,<e>,<b>,998,110,200,110,<e>,<b>,200,200,110,<e>,<b>,200,110,<e>,<b>,998,110,<e>,<b>,998,110,<e>,,,,,,,,,,,,,,,,,,,,,,,,,,,,,,,,,,,,,,,,,,,,,,,,,,,,,,,,,,,,,,,,,,,,,,,,,,,,,,,,,,,,,,,,,,,,,,,,,,,,,,,,,,,,,,,,,,,,,,,,,,,,,,,,,,,,,,,,,,,,,,,,,,,,,,,,,,,,,,,,,,,,,,,,,,,,,,,,,,,,,,,,,,,
23149,<b>,998,110,110,<e>,<b>,300,110,<e>,<b>,998,110,110,<e>,,,,,,,,,,,,,,,,,,,,,,,,,,,,,,,,,,,,,,,,,,,,,,,,,,,,,,,,,,,,,,,,,,,,,,,,,,,,,,,,,,,,,,,,,,,,,,,,,,,,,,,,,,,,,,,,,,,,,,,,,,,,,,,,,,,,,,,,,,,,,,,,,,,,,,,,,,,,,,,,,,,,,,,,,,,,,,,,,,,,,,,,,,,,,,,,,,,,,,,,,,,,,,,,,,,,
23157,<b>,300,110,<e>,,,,,,,,,,,,,,,,,,,,,,,,,,,,,,,,,,,,,,,,,,,,,,,,,,,,,,,,,,,,,,,,,,,,,,,,,,,,,,,,,,,,,,,,,,,,,,,,,,,,,,,,,,,,,,,,,,,,,,,,,,,,,,,,,,,,,,,,,,,,,,,,,,,,,,,,,,,,,,,,,,,,,,,,,,,,,,,,,,,,,,,,,,,,,,,,,,,,,,,,,,,,,,,,,,,,,,,,,,,,,,
23166,<b>,200,300,200,110,110,<e>,<b>,300,200,200,110,<e>,<b>,300,200,110,<e>,<b>,300,110,<e>,<b>,200,400,200,998,200,110,<e>,<b>,200,310,110,<e>,<b>,300,200,200,110,<e>,<b>,998,300,200,998,110,<e>,<b>,300,200,110,<e>,<b>,300,200,200,110,<e>,<b>,300,310,110,<e>,<b>,310,200,110,110,<e>,<b>,310,200,110,<e>,<b>,300,110,<e>,<b>,300,200,300,200,110,<e>,<b>,300,110,<e>,<b>,300,310,110,<e>,<b>,300,200,110,<e>,<b>,300,110,200,110,<e>,<b>,310,300,200,110,<e>,<b>,300,310,200,110,<e>,<b>,310,310,200,310,200,110,<e>,,,,,,,,,,,,,,,,,,,,,,,,,,,,,,,,,,,,,,,,,,,,,,,,,,,,,,,,,,,,,,,,,,,,,,,,,,,,,,,,,,,,,,,,,,,,,,,,,,,,
23167,<b>,300,200,300,210,110,<e>,<b>,300,210,110,<e>,<b>,300,210,110,<e>,<b>,300,210,110,<e>,<b>,210,110,<e>,<b>,300,210,110,<e>,<b>,210,210,210,210,110,<e>,<b>,210,200,210,200,210,110,<e>,<b>,210,210,110,<e>,<b>,300,210,110,<e>,<b>,210,200,200,200,110,<e>,<b>,210,210,210,110,<e>,,,,,,,,,,,,,,,,,,,,,,,,,,,,,,,,,,,,,,,,,,,,,,,,,,,,,,,,,,,,,,,,,,,,,,,,,,,,,,,,,,,,,,,,,,,,,,,,,,,,,,,,,,,,,,,,,,,,,,,,,,,,,,,,,,,,,,,,,,,,,,,,,,,,,,,,,,,,,
23181,<b>,300,210,110,<e>,<b>,300,310,300,110,<e>,<b>,998,110,<e>,,,,,,,,,,,,,,,,,,,,,,,,,,,,,,,,,,,,,,,,,,,,,,,,,,,,,,,,,,,,,,,,,,,,,,,,,,,,,,,,,,,,,,,,,,,,,,,,,,,,,,,,,,,,,,,,,,,,,,,,,,,,,,,,,,,,,,,,,,,,,,,,,,,,,,,,,,,,,,,,,,,,,,,,,,,,,,,,,,,,,,,,,,,,,,,,,,,,,,,,,,,,,,,,,,,
23188,<b>,300,300,300,110,110,110,<e>,<b>,300,300,300,110,110,110,<e>,<b>,300,300,300,110,110,110,<e>,<b>,300,300,300,110,110,110,<e>,<b>,998,998,110,<e>,<b>,300,300,300,110,110,<e>,<b>,300,300,300,110,110,<e>,<b>,300,300,300,110,110,<e>,<b>,210,110,<e>,<b>,210,110,<e>,<b>,300,110,<e>,<b>,300,210,110,<e>,<b>,210,300,110,<e>,<b>,300,110,<e>,<b>,300,200,110,<e>,<b>,300,110,<e>,<b>,300,110,<e>,<b>,300,110,<e>,<b>,300,110,<e>,,,,,,,,,,,,,,,,,,,,,,,,,,,,,,,,,,,,,,,,,,,,,,,,,,,,,,,,,,,,,,,,,,,,,,,,,,,,,,,,,,,,,,,,,,,,,,,,,,,,,,,,,,,,,,,,,,,,,,,,,
23191,<b>,300,110,<e>,<b>,300,200,300,300,200,110,110,<e>,<b>,300,300,200,110,200,200,200,200,200,110,110,200,110,<e>,<b>,200,200,210,200,110,<e>,<b>,200,200,210,210,110,110,<e>,<b>,300,310,200,300,200,110,<e>,<b>,300,200,200,200,110,<e>,<b>,200,200,110,<e>,<b>,200,110,<e>,<b>,200,999,200,200,110,<e>,<b>,200,200,210,200,200,110,<e>,<b>,200,200,200,210,200,200,110,<e>,<b>,300,200,110,<e>,<b>,300,200,300,200,110,<e>,<b>,300,200,200,200,110,<e>,<b>,300,200,110,<e>,<b>,300,200,110,<e>,<b>,300,200,200,110,<e>,<b>,300,200,200,110,<e>,<b>,300,310,200,110,<e>,,,,,,,,,,,,,,,,,,,,,,,,,,,,,,,,,,,,,,,,,,,,,,,,,,,,,,,,,,,,,,,,,,,,,,,,,,,,,,,,,,,,,,,,
23221,<b>,300,210,110,200,110,<e>,<b>,300,310,300,210,300,110,<e>,<b>,300,310,210,300,110,<e>,<b>,300,110,<e>,<b>,300,110,<e>,<b>,310,310,300,210,300,110,<e>,<b>,200,200,110,<e>,<b>,300,300,110,<e>,<b>,300,110,<e>,<b>,300,110,<e>,<b>,300,110,<e>,<b>,300,110,<e>,<b>,300,110,<e>,<b>,300,310,300,300,110,<e>,<b>,300,300,110,<e>,,,,,,,,,,,,,,,,,,,,,,,,,,,,,,,,,,,,,,,,,,,,,,,,,,,,,,,,,,,,,,,,,,,,,,,,,,,,,,,,,,,,,,,,,,,,,,,,,,,,,,,,,,,,,,,,,,,,,,,,,,,,,,,,,,,,,,,,,,,,,,,,,,
23227,<b>,300,110,<e>,<b>,300,200,110,<e>,<b>,200,110,<e>,<b>,300,210,300,310,110,<e>,<b>,200,110,<e>,<b>,998,110,110,<e>,<b>,300,110,<e>,<b>,300,110,<e>,<b>,300,210,110,<e>,<b>,300,210,300,110,<e>,<b>,300,210,300,200,210,110,<e>,<b>,300,210,200,110,110,<e>,<b>,200,110,<e>,<b>,300,110,<e>,<b>,300,110,<e>,<b>,300,210,110,<e>,<b>,998,200,110,<e>,,,,,,,,,,,,,,,,,,,,,,,,,,,,,,,,,,,,,,,,,,,,,,,,,,,,,,,,,,,,,,,,,,,,,,,,,,,,,,,,,,,,,,,,,,,,,,,,,,,,,,,,,,,,,,,,,,,,,,,,,,,,,,,,,,,,,,,,,,,,,
23236,<b>,300,200,210,110,<e>,<b>,300,210,110,<e>,<b>,300,300,110,<e>,<b>,210,210,110,<e>,<b>,210,110,<e>,<b>,200,210,110,<e>,<b>,300,110,<e>,<b>,300,110,<e>,<b>,300,210,110,<e>,<b>,210,200,210,998,210,110,<e>,<b>,210,110,<e>,<b>,210,210,210,210,210,110,<e>,<b>,210,210,210,210,110,<e>,<b>,300,110,<e>,<b>,210,200,110,<e>,,,,,,,,,,,,,,,,,,,,,,,,,,,,,,,,,,,,,,,,,,,,,,,,,,,,,,,,,,,,,,,,,,,,,,,,,,,,,,,,,,,,,,,,,,,,,,,,,,,,,,,,,,,,,,,,,,,,,,,,,,,,,,,,,,,,,,,,,,,,,,,,,,,
23011,<b>,300,310,200,110,<e>,<b>,300,210,300,200,110,<e>,<b>,300,310,210,310,300,110,<e>,<b>,310,200,210,200,200,200,110,<e>,<b>,310,200,110,<e>,<b>,300,210,310,310,310,300,200,110,<e>,<b>,300,210,300,310,310,110,<e>,<b>,300,310,310,300,110,<e>,<b>,300,310,210,310,300,110,<e>,<b>,300,310,310,110,<e>,<b>,200,110,200,110,<e>,<b>,200,200,110,<e>,<b>,210,310,200,210,200,210,110,<e>,<b>,200,200,200,200,200,210,200,310,210,110,<e>,<b>,200,200,200,200,210,200,110,<e>,<b>,300,310,200,200,210,300,300,110,<e>,<b>,300,210,200,200,310,300,200,110,<e>,<b>,210,300,210,300,300,110,<e>,<b>,300,310,210,300,110,<e>,<b>,300,310,200,110,<e>,<b>,300.0,210.0,300,210,300,110,<e>,<b>,300,210,310,310,200.0,300,110,<e>,<b>,300,310.0,310.0,200,300,210,110,<e>,<b>,310,210.0,200,110,<e>,<b>,310,210.0,200.0,200,200,110,<e>,<b>,300,310,300,110.0,<e>,,,,,,,,,,,,,,,,,,,,,,,,
23015,<b>,998,210,210,210,110,<e>,<b>,300,210,300,110,210,110,<e>,<b>,300,210,300,110,<e>,<b>,200,110,200,210,110,210,110,<e>,<b>,210,210,110,<e>,<b>,300,210,300,200,210,110,<e>,<b>,300,210,300,200,110,<e>,<b>,200,110,<e>,<b>,200,110,<e>,<b>,200,110,<e>,<b>,200,110,<e>,<b>,200,200,200,110,<e>,<b>,300,200,110,<e>,<b>,300,200,110,<e>,,,,,,,,,,,,,,,,,,,,,,,,,,,,,,,,,,,,,,,,,,,,,,,,,,,,,,,,,,,,,,,,,,,,,,,,,,,,,,,,,,,,,,,,,,,,,,,,,,,,,,,,,,,,,,,,,,,,,,,,,,,,,,,,,,,,,,,,,,,,,,,,
23016,<b>,300,110,<e>,<b>,210,110,<e>,<b>,200,200,110,210,110,<e>,<b>,998,210,210,110,<e>,<b>,210,210,110,<e>,<b>,210,210,110,<e>,<b>,200,110,<e>,<b>,300,110,<e>,<b>,300,110,<e>,<b>,300,210,110,<e>,<b>,300,110,<e>,<b>,200,110,<e>,<b>,300,210,110,<e>,<b>,300,210,110,<e>,<b>,300,210,110,<e>,<b>,200,110,<e>,<b>,210,210,210,110,<e>,<b>,300,210,110,<e>,,,,,,,,,,,,,,,,,,,,,,,,,,,,,,,,,,,,,,,,,,,,,,,,,,,,,,,,,,,,,,,,,,,,,,,,,,,,,,,,,,,,,,,,,,,,,,,,,,,,,,,,,,,,,,,,,,,,,,,,,,,,,,,,,,,,,,,,,,,,
23020,<b>,210,110,<e>,<b>,210,210,110,210,110,<e>,<b>,210,210,300,110,<e>,<b>,210,999,110,<e>,<b>,210,210,200,110,200,110,200,110,<e>,<b>,300,110,<e>,<b>,200,110,998,210,110,<e>,<b>,210,210,110,<e>,<b>,210,210,210,110,<e>,,,,,,,,,,,,,,,,,,,,,,,,,,,,,,,,,,,,,,,,,,,,,,,,,,,,,,,,,,,,,,,,,,,,,,,,,,,,,,,,,,,,,,,,,,,,,,,,,,,,,,,,,,,,,,,,,,,,,,,,,,,,,,,,,,,,,,,,,,,,,,,,,,,,,,,,,,,,,,,,,,,,,,,,,,,,
23026,<b>,310,110,<e>,<b>,300,310,110,<e>,<b>,300,310,300,110,<e>,<b>,300,310,300,110,<e>,<b>,300,110,<e>,<b>,300,310,300,110,<e>,<b>,300,310,300,110,<e>,<b>,300,310,300,110,<e>,<b>,200,110,<e>,<b>,300,110,<e>,<b>,310,300,110,<e>,<b>,300,110,<e>,<b>,310,300,110,<e>,<b>,300,110,<e>,<b>,300,310,300,110,<e>,<b>,300,310,310,300,110,<e>,<b>,310,310,110,<e>,<b>,300,310,110,<e>,,,,,,,,,,,,,,,,,,,,,,,,,,,,,,,,,,,,,,,,,,,,,,,,,,,,,,,,,,,,,,,,,,,,,,,,,,,,,,,,,,,,,,,,,,,,,,,,,,,,,,,,,,,,,,,,,,,,,,,,,,,,,,,,,,,,,,
23102,<b>,300,200,200,110,300,200,110,<e>,<b>,998,110,998,200,998,110,200,200,110,998,110,<e>,<b>,998,200,110,200,200,110,200,110,998,110,<e>,<b>,300,200,110,998,200,110,<e>,<b>,200,110,998,998,998,998,200,110,998,200,110,<e>,<b>,300,300,998,998,998,110,<e>,<b>,200,200,110,300,110,110,<e>,<b>,998,110,300,200,110,200,110,998,110,210,110,<e>,<b>,998,200,110,998,200,110,<e>,<b>,300,110,300,110,<e>,<b>,210,110,300,110,300,300,110,<e>,<b>,200,200,110,300,300,998,110,<e>,<b>,300,110,300,110,<e>,<b>,300,110,998,110,<e>,<b>,300,110,200,200,200,200,110,300,998,110,<e>,<b>,200,110,300,110,300,110,<e>,<b>,300,110,<e>,<b>,300,110,<e>,<b>,300.0,110.0,210,110,210,110,<e>,<b>,998,200,200,200,200.0,200,200,110,<e>,<b>,300.0,110.0,998,110,<e>,<b>,998,200,200,200.0,110,300,110,<e>,<b>,300.0,110.0,998,110,<e>,,,,,,,,,,,,,,,,,,,,,,,,,,,,,,,
23153,<b>,310,310,310,200,110,<e>,<b>,310,110,<e>,<b>,310,998,200,200,200,200,110,<e>,<b>,998,998,110,<e>,<b>,200,210,200,110,<e>,<b>,310,110,<e>,<b>,310,200,210,310,110,<e>,<b>,310,200,110,<e>,<b>,998,200,110,<e>,<b>,310,110,200,200,200,110,<e>,<b>,200,200,200,110,<e>,<b>,310,200,200,110,<e>,<b>,310,200,110,<e>,<b>,310,110,<e>,<b>,310,200,110,<e>,<b>,200,200,200,200,110,<e>,,,,,,,,,,,,,,,,,,,,,,,,,,,,,,,,,,,,,,,,,,,,,,,,,,,,,,,,,,,,,,,,,,,,,,,,,,,,,,,,,,,,,,,,,,,,,,,,,,,,,,,,,,,,,,,,,,,,,,,,,,,,,,,,,,,,,
23206,<b>,300,110,<e>,<b>,300,110,<e>,<b>,300,110,<e>,<b>,200,110,<e>,<b>,998,998,110,<e>,<b>,300,110,<e>,<b>,300,110,<e>,<b>,300,110,<e>,<b>,300,110,<e>,<b>,300,110,<e>,<b>,998,998,200,110,<e>,<b>,200,998,110,<e>,<b>,200,110,<e>,<b>,200,110,<e>,<b>,998,200,110,<e>,<b>,200,110,<e>,,,,,,,,,,,,,,,,,,,,,,,,,,,,,,,,,,,,,,,,,,,,,,,,,,,,,,,,,,,,,,,,,,,,,,,,,,,,,,,,,,,,,,,,,,,,,,,,,,,,,,,,,,,,,,,,,,,,,,,,,,,,,,,,,,,,,,,,,,,,,,,,,,,,,,,,,,,,,
23013,<b>,300,110,<e>,<b>,210,110,<e>,,,,,,,,,,,,,,,,,,,,,,,,,,,,,,,,,,,,,,,,,,,,,,,,,,,,,,,,,,,,,,,,,,,,,,,,,,,,,,,,,,,,,,,,,,,,,,,,,,,,,,,,,,,,,,,,,,,,,,,,,,,,,,,,,,,,,,,,,,,,,,,,,,,,,,,,,,,,,,,,,,,,,,,,,,,,,,,,,,,,,,,,,,,,,,,,,,,,,,,,,,,,,,,,,,,,,,,,,,
23022,<b>,998,300,300,300,998,110,<e>,<b>,998,300,998,110,<e>,<b>,998,300,998,110,<e>,<b>,998,110,<e>,<b>,998,110,<e>,,,,,,,,,,,,,,,,,,,,,,,,,,,,,,,,,,,,,,,,,,,,,,,,,,,,,,,,,,,,,,,,,,,,,,,,,,,,,,,,,,,,,,,,,,,,,,,,,,,,,,,,,,,,,,,,,,,,,,,,,,,,,,,,,,,,,,,,,,,,,,,,,,,,,,,,,,,,,,,,,,,,,,,,,,,,,,,,,,,,,,,,,,,,,,,,,,,,,,
23029,<b>,300,110,<e>,,,,,,,,,,,,,,,,,,,,,,,,,,,,,,,,,,,,,,,,,,,,,,,,,,,,,,,,,,,,,,,,,,,,,,,,,,,,,,,,,,,,,,,,,,,,,,,,,,,,,,,,,,,,,,,,,,,,,,,,,,,,,,,,,,,,,,,,,,,,,,,,,,,,,,,,,,,,,,,,,,,,,,,,,,,,,,,,,,,,,,,,,,,,,,,,,,,,,,,,,,,,,,,,,,,,,,,,,,,,,,
23087,<b>,210,210,200,110,<e>,<b>,210,210,210,210,110,<e>,<b>,210,210,110,<e>,<b>,210,210,110,<e>,<b>,210,210,210,210,110,<e>,<b>,210,210,110,<e>,<b>,210,210,110,<e>,<b>,210,210,210,110,<e>,<b>,210,210,110,<e>,<b>,210,210,110,<e>,,,,,,,,,,,,,,,,,,,,,,,,,,,,,,,,,,,,,,,,,,,,,,,,,,,,,,,,,,,,,,,,,,,,,,,,,,,,,,,,,,,,,,,,,,,,,,,,,,,,,,,,,,,,,,,,,,,,,,,,,,,,,,,,,,,,,,,,,,,,,,,,,,,,,,,,,,,,,,,,,,,,,,,,,,
23094,<b>,300,110,<e>,<b>,300,110,210,110,<e>,<b>,300,300,110,<e>,<b>,300,210,300,110,110,<e>,<b>,300,210,110,110,<e>,<b>,300,210,300,110,<e>,<b>,300,210,300,110,210,110,110,<e>,<b>,300,210,110,210,110,<e>,<b>,200,110,<e>,<b>,300,110,210,110,<e>,<b>,300,210,300,110,<e>,<b>,300,210,300,110,<e>,<b>,300,210,300,110,<e>,<b>,300,210,300,110,<e>,<b>,300,210,300,110,<e>,<b>,300,210,300,110,<e>,<b>,300,210,300,110,<e>,<b>,300,110,<e>,<b>,300,110,<e>,,,,,,,,,,,,,,,,,,,,,,,,,,,,,,,,,,,,,,,,,,,,,,,,,,,,,,,,,,,,,,,,,,,,,,,,,,,,,,,,,,,,,,,,,,,,,,,,,,,,,,,,,,,,,,,,,,,,
23115,<b>,400,110,<e>,<b>,310,110,110,110,<e>,<b>,200,110,<e>,<b>,200,200,110,<e>,<b>,200,210,110,<e>,<b>,200,200,200,110,<e>,<b>,300,200,110,<e>,<b>,300,200,200,110,<e>,<b>,200,300,110,<e>,,,,,,,,,,,,,,,,,,,,,,,,,,,,,,,,,,,,,,,,,,,,,,,,,,,,,,,,,,,,,,,,,,,,,,,,,,,,,,,,,,,,,,,,,,,,,,,,,,,,,,,,,,,,,,,,,,,,,,,,,,,,,,,,,,,,,,,,,,,,,,,,,,,,,,,,,,,,,,,,,,,,,,,,,,,,,,,,,,,,
23131,<b>,300,110,<e>,<b>,300,110,<e>,,,,,,,,,,,,,,,,,,,,,,,,,,,,,,,,,,,,,,,,,,,,,,,,,,,,,,,,,,,,,,,,,,,,,,,,,,,,,,,,,,,,,,,,,,,,,,,,,,,,,,,,,,,,,,,,,,,,,,,,,,,,,,,,,,,,,,,,,,,,,,,,,,,,,,,,,,,,,,,,,,,,,,,,,,,,,,,,,,,,,,,,,,,,,,,,,,,,,,,,,,,,,,,,,,,,,,,,,,
23145,<b>,300,110,<e>,<b>,300,310,110,<e>,<b>,200,200,110,<e>,<b>,200,200,200,110,<e>,<b>,300,210,999,110,<e>,<b>,300,110,<e>,<b>,300,110,<e>,<b>,300,210,110,<e>,<b>,210,110,<e>,<b>,210,110,<e>,<b>,210,210,210,200,110,<e>,<b>,210,110,<e>,<b>,300,200,110,<e>,<b>,300,310,110,<e>,<b>,300,200,110,<e>,<b>,300,200,110,<e>,<b>,999,300,200,110,<e>,<b>,300,110,<e>,<b>,210,200,210,200,210,200,200,110,<e>,<b>,300,200,110,<e>,,,,,,,,,,,,,,,,,,,,,,,,,,,,,,,,,,,,,,,,,,,,,,,,,,,,,,,,,,,,,,,,,,,,,,,,,,,,,,,,,,,,,,,,,,,,,,,,,,,,,,,,,,,,,,,,,,,,,,,,,,,
23190,<b>,300,998,300,110,<e>,,,,,,,,,,,,,,,,,,,,,,,,,,,,,,,,,,,,,,,,,,,,,,,,,,,,,,,,,,,,,,,,,,,,,,,,,,,,,,,,,,,,,,,,,,,,,,,,,,,,,,,,,,,,,,,,,,,,,,,,,,,,,,,,,,,,,,,,,,,,,,,,,,,,,,,,,,,,,,,,,,,,,,,,,,,,,,,,,,,,,,,,,,,,,,,,,,,,,,,,,,,,,,,,,,,,,,,,,,,,
23195,<b>,300,110,<e>,<b>,300,110,<e>,<b>,300,110,110,<e>,<b>,300,110,<e>,<b>,300,110,<e>,<b>,300,998,110,<e>,<b>,300,110,<e>,<b>,300,110,<e>,<b>,300,300,110,<e>,<b>,998,200,110,<e>,<b>,300,110,<e>,<b>,200,110,<e>,<b>,200,110,<e>,<b>,998,110,<e>,<b>,300,200,300,110,<e>,<b>,300,110,<e>,<b>,998,110,<e>,<b>,300,110,<e>,<b>,300,200,110,<e>,<b>,300,310,110,<e>,<b>,300,110,<e>,<b>,300,200,110,999,110,<e>,<b>,200,210,110,<e>,<b>,300,110,<e>,,,,,,,,,,,,,,,,,,,,,,,,,,,,,,,,,,,,,,,,,,,,,,,,,,,,,,,,,,,,,,,,,,,,,,,,,,,,,,,,,,,,,,,,,,,,,,,,,,,,,,,,,,,,,,,,,,,,,,
23199,<b>,300,110,<e>,<b>,300,110,<e>,<b>,300,110,<e>,<b>,300,110,<e>,<b>,300,110,<e>,<b>,300,110,<e>,<b>,300,110,<e>,<b>,300,110,<e>,,,,,,,,,,,,,,,,,,,,,,,,,,,,,,,,,,,,,,,,,,,,,,,,,,,,,,,,,,,,,,,,,,,,,,,,,,,,,,,,,,,,,,,,,,,,,,,,,,,,,,,,,,,,,,,,,,,,,,,,,,,,,,,,,,,,,,,,,,,,,,,,,,,,,,,,,,,,,,,,,,,,,,,,,,,,,,,,,,,,,,,,,,,,,,,,,,
23230,<b>,300,300,300,110,110,110,<e>,<b>,300,300,300,110,110,110,<e>,<b>,210,998,110,200,110,<e>,<b>,210,998,110,<e>,<b>,300,300,300,998,998,998,110,<e>,<b>,998,998,998,110,<e>,<b>,998,998,998,998,110,<e>,<b>,998,110,<e>,<b>,998,110,<e>,,,,,,,,,,,,,,,,,,,,,,,,,,,,,,,,,,,,,,,,,,,,,,,,,,,,,,,,,,,,,,,,,,,,,,,,,,,,,,,,,,,,,,,,,,,,,,,,,,,,,,,,,,,,,,,,,,,,,,,,,,,,,,,,,,,,,,,,,,,,,,,,,,,,,,,,,,,,,,,,,,,,,,,,
23008,<b>,300,300,110,<e>,<b>,210,210,110,<e>,<b>,300,300,300,200,110,<e>,<b>,300,300,300,110,<e>,<b>,200,110,<e>,<b>,998,998,998,210,210,110,110,110,<e>,<b>,300,110,110,<e>,<b>,300,300,300,200,200,200,110,110,110,<e>,<b>,300,999,210,210,210,210,110,110,<e>,<b>,300,200,200,200,200,110,<e>,<b>,300,110,110,110,110,110,<e>,,,,,,,,,,,,,,,,,,,,,,,,,,,,,,,,,,,,,,,,,,,,,,,,,,,,,,,,,,,,,,,,,,,,,,,,,,,,,,,,,,,,,,,,,,,,,,,,,,,,,,,,,,,,,,,,,,,,,,,,,,,,,,,,,,,,,,,,,,,,,,,,,,,
23012,<b>,310,110,<e>,<b>,310,210,210,110,<e>,<b>,300,210,110,<e>,<b>,210,210,110,<e>,<b>,300,110,<e>,<b>,310,300,110,110,110,<e>,<b>,300,210,110,110,<e>,<b>,300,110,<e>,<b>,300,110,110,<e>,<b>,300,310,300,210,110,<e>,<b>,300,110,<e>,<b>,210,310,210,210,110,<e>,<b>,300,110,<e>,<b>,310,300,110,<e>,<b>,310,300,310,110,<e>,<b>,310,210,110,<e>,<b>,300,110,<e>,<b>,310,200,210,110,<e>,<b>,300,110,<e>,<b>,300,110,<e>,<b>,999,110,<e>,<b>,310,300,210,210,110,<e>,,,,,,,,,,,,,,,,,,,,,,,,,,,,,,,,,,,,,,,,,,,,,,,,,,,,,,,,,,,,,,,,,,,,,,,,,,,,,,,,,,,,,,,,,,,,,,,,,,,,,,,,,,,,,,,,,
23077,<b>,200,110,<e>,,,,,,,,,,,,,,,,,,,,,,,,,,,,,,,,,,,,,,,,,,,,,,,,,,,,,,,,,,,,,,,,,,,,,,,,,,,,,,,,,,,,,,,,,,,,,,,,,,,,,,,,,,,,,,,,,,,,,,,,,,,,,,,,,,,,,,,,,,,,,,,,,,,,,,,,,,,,,,,,,,,,,,,,,,,,,,,,,,,,,,,,,,,,,,,,,,,,,,,,,,,,,,,,,,,,,,,,,,,,,,
23151,<b>,310,200,110,<e>,<b>,310,200,110,<e>,<b>,300,200,110,110,<e>,<b>,998,310,310,200,110,<e>,<b>,310,310,310,110,200,110,110,<e>,<b>,210,110,<e>,<b>,200,110,<e>,<b>,200,110,<e>,<b>,200,110,<e>,<b>,200,110,<e>,<b>,200,110,<e>,<b>,200,110,<e>,,,,,,,,,,,,,,,,,,,,,,,,,,,,,,,,,,,,,,,,,,,,,,,,,,,,,,,,,,,,,,,,,,,,,,,,,,,,,,,,,,,,,,,,,,,,,,,,,,,,,,,,,,,,,,,,,,,,,,,,,,,,,,,,,,,,,,,,,,,,,,,,,,,,,,,,,,,,,,,,,,,,,,
23220,<b>,300,110,<e>,<b>,300,110,<e>,<b>,300,110,110,<e>,<b>,300,110,<e>,,,,,,,,,,,,,,,,,,,,,,,,,,,,,,,,,,,,,,,,,,,,,,,,,,,,,,,,,,,,,,,,,,,,,,,,,,,,,,,,,,,,,,,,,,,,,,,,,,,,,,,,,,,,,,,,,,,,,,,,,,,,,,,,,,,,,,,,,,,,,,,,,,,,,,,,,,,,,,,,,,,,,,,,,,,,,,,,,,,,,,,,,,,,,,,,,,,,,,,,,,,,,,,,,
23049,<b>,200,110,<e>,<b>,200,110,<e>,<b>,200,110,<e>,<b>,200,110,<e>,<b>,200,110,<e>,<b>,200,110,<e>,<b>,200,110,<e>,<b>,200,110,<e>,<b>,200,110,<e>,<b>,200,110,<e>,<b>,200,110,<e>,,,,,,,,,,,,,,,,,,,,,,,,,,,,,,,,,,,,,,,,,,,,,,,,,,,,,,,,,,,,,,,,,,,,,,,,,,,,,,,,,,,,,,,,,,,,,,,,,,,,,,,,,,,,,,,,,,,,,,,,,,,,,,,,,,,,,,,,,,,,,,,,,,,,,,,,,,,,,,,,,,,,,,,,,,,,,,,,,,,,,,
23055,<b>,998,200,110,<e>,<b>,998,110,<e>,,,,,,,,,,,,,,,,,,,,,,,,,,,,,,,,,,,,,,,,,,,,,,,,,,,,,,,,,,,,,,,,,,,,,,,,,,,,,,,,,,,,,,,,,,,,,,,,,,,,,,,,,,,,,,,,,,,,,,,,,,,,,,,,,,,,,,,,,,,,,,,,,,,,,,,,,,,,,,,,,,,,,,,,,,,,,,,,,,,,,,,,,,,,,,,,,,,,,,,,,,,,,,,,,,,,,,,,,
23078,<b>,300,110,<e>,<b>,300,110,<e>,<b>,300,110,<e>,<b>,300,110,<e>,<b>,300,110,<e>,<b>,300,110,<e>,<b>,300,110,<e>,<b>,300,110,<e>,<b>,200,110,<e>,<b>,300,110,<e>,<b>,300,110,<e>,<b>,300,110,<e>,<b>,300,310,110,<e>,<b>,300,310,110,<e>,<b>,300,310,110,<e>,<b>,300,310,110,<e>,<b>,300,310,110,<e>,<b>,300,310,110,<e>,,,,,,,,,,,,,,,,,,,,,,,,,,,,,,,,,,,,,,,,,,,,,,,,,,,,,,,,,,,,,,,,,,,,,,,,,,,,,,,,,,,,,,,,,,,,,,,,,,,,,,,,,,,,,,,,,,,,,,,,,,,,,,,,,,,,,,,,,,,,,,,,,,,,
23160,<b>,998,110,<e>,<b>,998,110,<e>,,,,,,,,,,,,,,,,,,,,,,,,,,,,,,,,,,,,,,,,,,,,,,,,,,,,,,,,,,,,,,,,,,,,,,,,,,,,,,,,,,,,,,,,,,,,,,,,,,,,,,,,,,,,,,,,,,,,,,,,,,,,,,,,,,,,,,,,,,,,,,,,,,,,,,,,,,,,,,,,,,,,,,,,,,,,,,,,,,,,,,,,,,,,,,,,,,,,,,,,,,,,,,,,,,,,,,,,,,
23213,<b>,200,110,<e>,<b>,200,110,<e>,<b>,200,110,<e>,,,,,,,,,,,,,,,,,,,,,,,,,,,,,,,,,,,,,,,,,,,,,,,,,,,,,,,,,,,,,,,,,,,,,,,,,,,,,,,,,,,,,,,,,,,,,,,,,,,,,,,,,,,,,,,,,,,,,,,,,,,,,,,,,,,,,,,,,,,,,,,,,,,,,,,,,,,,,,,,,,,,,,,,,,,,,,,,,,,,,,,,,,,,,,,,,,,,,,,,,,,,,,,,,,,,,,
23229,<b>,200,110,200,110,<e>,<b>,200,110,<e>,<b>,310,110,<e>,<b>,300,110,<e>,<b>,200,998,200,110,110,<e>,<b>,200,210,110,<e>,<b>,310,110,<e>,<b>,310,210,110,<e>,<b>,310,210,300,300,110,<e>,<b>,310,310,200,310,110,<e>,<b>,200,110,<e>,,,,,,,,,,,,,,,,,,,,,,,,,,,,,,,,,,,,,,,,,,,,,,,,,,,,,,,,,,,,,,,,,,,,,,,,,,,,,,,,,,,,,,,,,,,,,,,,,,,,,,,,,,,,,,,,,,,,,,,,,,,,,,,,,,,,,,,,,,,,,,,,,,,,,,,,,,,,,,,,,,,,,,,,,
23231,<b>,998,110,<e>,<b>,210,998,110,<e>,<b>,998,200,110,110,<e>,<b>,998,110,<e>,<b>,998,998,110,<e>,<b>,998,998,110,<e>,,,,,,,,,,,,,,,,,,,,,,,,,,,,,,,,,,,,,,,,,,,,,,,,,,,,,,,,,,,,,,,,,,,,,,,,,,,,,,,,,,,,,,,,,,,,,,,,,,,,,,,,,,,,,,,,,,,,,,,,,,,,,,,,,,,,,,,,,,,,,,,,,,,,,,,,,,,,,,,,,,,,,,,,,,,,,,,,,,,,,,,,,,,,,,,,,,,,,
23017,<b>,300,210,110,110,<e>,<b>,200,110,<e>,<b>,200,110,<e>,<b>,300,110,<e>,<b>,300,110,<e>,<b>,310,310,110,<e>,,,,,,,,,,,,,,,,,,,,,,,,,,,,,,,,,,,,,,,,,,,,,,,,,,,,,,,,,,,,,,,,,,,,,,,,,,,,,,,,,,,,,,,,,,,,,,,,,,,,,,,,,,,,,,,,,,,,,,,,,,,,,,,,,,,,,,,,,,,,,,,,,,,,,,,,,,,,,,,,,,,,,,,,,,,,,,,,,,,,,,,,,,,,,,,,,,,,,,,
23038,<b>,300,300,300,310,110,<e>,<b>,300,310,110,<e>,<b>,300,110,<e>,<b>,300,310,110,<e>,<b>,300,110,<e>,<b>,300,110,<e>,<b>,300,110,<e>,<b>,998,110,<e>,<b>,300,310,110,<e>,<b>,310,110,<e>,<b>,300,110,<e>,<b>,300,110,<e>,,,,,,,,,,,,,,,,,,,,,,,,,,,,,,,,,,,,,,,,,,,,,,,,,,,,,,,,,,,,,,,,,,,,,,,,,,,,,,,,,,,,,,,,,,,,,,,,,,,,,,,,,,,,,,,,,,,,,,,,,,,,,,,,,,,,,,,,,,,,,,,,,,,,,,,,,,,,,,,,,,,,,,,,,,,,
23120,<b>,300,110,<e>,<b>,300,210,210,110,<e>,<b>,998,110,<e>,<b>,998,110,<e>,<b>,210,110,200,200,110,<e>,<b>,998,200,210,210,110,<e>,<b>,300,110,<e>,<b>,998,998,110,<e>,<b>,998,998,110,<e>,<b>,998,998,110,<e>,<b>,300,110,<e>,<b>,300,110,<e>,<b>,998,998,110,<e>,<b>,998,110,<e>,<b>,998,110,<e>,<b>,300,210,110,<e>,,,,,,,,,,,,,,,,,,,,,,,,,,,,,,,,,,,,,,,,,,,,,,,,,,,,,,,,,,,,,,,,,,,,,,,,,,,,,,,,,,,,,,,,,,,,,,,,,,,,,,,,,,,,,,,,,,,,,,,,,,,,,,,,,,,,,,,,,,,,,,,,,,,,,
23212,<b>,300,110,<e>,<b>,300,110,<e>,<b>,300,110,<e>,<b>,300,110,<e>,<b>,998,200,110,200,110,<e>,<b>,200,200,110,<e>,<b>,300,110,<e>,<b>,200,200,200,210,110,<e>,<b>,210,210,110,<e>,<b>,210,110,<e>,<b>,300,110,<e>,<b>,300,110,<e>,<b>,300,998,210,110,<e>,<b>,300,200,110,<e>,<b>,300,210,110,<e>,<b>,300,110,<e>,<b>,300,110,<e>,<b>,998,110,210,200,110,<e>,<b>,200,110,<e>,<b>,998,200,110,<e>,<b>,300,110,<e>,,,,,,,,,,,,,,,,,,,,,,,,,,,,,,,,,,,,,,,,,,,,,,,,,,,,,,,,,,,,,,,,,,,,,,,,,,,,,,,,,,,,,,,,,,,,,,,,,,,,,,,,,,,,,,,,,,,,,,,,,,,,,,
23204,<b>,998,998,110,<e>,<b>,998,110,<e>,,,,,,,,,,,,,,,,,,,,,,,,,,,,,,,,,,,,,,,,,,,,,,,,,,,,,,,,,,,,,,,,,,,,,,,,,,,,,,,,,,,,,,,,,,,,,,,,,,,,,,,,,,,,,,,,,,,,,,,,,,,,,,,,,,,,,,,,,,,,,,,,,,,,,,,,,,,,,,,,,,,,,,,,,,,,,,,,,,,,,,,,,,,,,,,,,,,,,,,,,,,,,,,,,,,,,,,,,
23117,<b>,300,998,999,110,<e>,<b>,300,300,200,110,<e>,<b>,999,110,<e>,<b>,300,110,110,<e>,<b>,300,110,<e>,<b>,200,110,<e>,,,,,,,,,,,,,,,,,,,,,,,,,,,,,,,,,,,,,,,,,,,,,,,,,,,,,,,,,,,,,,,,,,,,,,,,,,,,,,,,,,,,,,,,,,,,,,,,,,,,,,,,,,,,,,,,,,,,,,,,,,,,,,,,,,,,,,,,,,,,,,,,,,,,,,,,,,,,,,,,,,,,,,,,,,,,,,,,,,,,,,,,,,,,,,,,,,,,,
23135,<b>,999,210,999,310,210,110,<e>,<b>,200,110,200,110,<e>,,,,,,,,,,,,,,,,,,,,,,,,,,,,,,,,,,,,,,,,,,,,,,,,,,,,,,,,,,,,,,,,,,,,,,,,,,,,,,,,,,,,,,,,,,,,,,,,,,,,,,,,,,,,,,,,,,,,,,,,,,,,,,,,,,,,,,,,,,,,,,,,,,,,,,,,,,,,,,,,,,,,,,,,,,,,,,,,,,,,,,,,,,,,,,,,,,,,,,,,,,,,,,,,,,,,
23237,<b>,998,110,<e>,<b>,210,210,110,<e>,<b>,210,110,<e>,<b>,310,110,<e>,<b>,310,310,210,210,110,<e>,<b>,210,110,110,<e>,<b>,210,210,110,210,110,<e>,<b>,310,310,110,<e>,<b>,200,310,110,200,110,<e>,,,,,,,,,,,,,,,,,,,,,,,,,,,,,,,,,,,,,,,,,,,,,,,,,,,,,,,,,,,,,,,,,,,,,,,,,,,,,,,,,,,,,,,,,,,,,,,,,,,,,,,,,,,,,,,,,,,,,,,,,,,,,,,,,,,,,,,,,,,,,,,,,,,,,,,,,,,,,,,,,,,,,,,,,,,,,,,,,,
23165,<b>,310,110,<e>,<b>,210,200,110,<e>,<b>,210,110,<e>,<b>,310,110,<e>,<b>,998,110,<e>,<b>,310,110,<e>,<b>,310,998,110,<e>,,,,,,,,,,,,,,,,,,,,,,,,,,,,,,,,,,,,,,,,,,,,,,,,,,,,,,,,,,,,,,,,,,,,,,,,,,,,,,,,,,,,,,,,,,,,,,,,,,,,,,,,,,,,,,,,,,,,,,,,,,,,,,,,,,,,,,,,,,,,,,,,,,,,,,,,,,,,,,,,,,,,,,,,,,,,,,,,,,,,,,,,,,,,,,,,,,,,
23183,<b>,998,300,110,<e>,<b>,998,200,200,998,998,110,<e>,<b>,300,110,<e>,<b>,300,110,<e>,,,,,,,,,,,,,,,,,,,,,,,,,,,,,,,,,,,,,,,,,,,,,,,,,,,,,,,,,,,,,,,,,,,,,,,,,,,,,,,,,,,,,,,,,,,,,,,,,,,,,,,,,,,,,,,,,,,,,,,,,,,,,,,,,,,,,,,,,,,,,,,,,,,,,,,,,,,,,,,,,,,,,,,,,,,,,,,,,,,,,,,,,,,,,,,,,,,,,,,,,,,,,
23216,<b>,300,110,<e>,<b>,200,110,<e>,<b>,200,210,200,110,<e>,<b>,300,310,110,<e>,<b>,300,110,<e>,<b>,300,110,<e>,,,,,,,,,,,,,,,,,,,,,,,,,,,,,,,,,,,,,,,,,,,,,,,,,,,,,,,,,,,,,,,,,,,,,,,,,,,,,,,,,,,,,,,,,,,,,,,,,,,,,,,,,,,,,,,,,,,,,,,,,,,,,,,,,,,,,,,,,,,,,,,,,,,,,,,,,,,,,,,,,,,,,,,,,,,,,,,,,,,,,,,,,,,,,,,,,,,,,,,
23033,<b>,200,110,<e>,<b>,200,110,<e>,,,,,,,,,,,,,,,,,,,,,,,,,,,,,,,,,,,,,,,,,,,,,,,,,,,,,,,,,,,,,,,,,,,,,,,,,,,,,,,,,,,,,,,,,,,,,,,,,,,,,,,,,,,,,,,,,,,,,,,,,,,,,,,,,,,,,,,,,,,,,,,,,,,,,,,,,,,,,,,,,,,,,,,,,,,,,,,,,,,,,,,,,,,,,,,,,,,,,,,,,,,,,,,,,,,,,,,,,,
23052,<b>,210,200,110,<e>,<b>,310,200,110,<e>,<b>,300,200,200,110,<e>,<b>,310,210,300,110,<e>,<b>,310,300,200,110,<e>,<b>,300,200,110,<e>,<b>,310,300,110,<e>,<b>,310,300,110,<e>,<b>,310,999,310,210,310,200,300,110,110,<e>,<b>,310,200,110,<e>,,,,,,,,,,,,,,,,,,,,,,,,,,,,,,,,,,,,,,,,,,,,,,,,,,,,,,,,,,,,,,,,,,,,,,,,,,,,,,,,,,,,,,,,,,,,,,,,,,,,,,,,,,,,,,,,,,,,,,,,,,,,,,,,,,,,,,,,,,,,,,,,,,,,,,,,,,,,,,,,,,,,,,,
23174,<b>,200,110,<e>,<b>,310,110,<e>,,,,,,,,,,,,,,,,,,,,,,,,,,,,,,,,,,,,,,,,,,,,,,,,,,,,,,,,,,,,,,,,,,,,,,,,,,,,,,,,,,,,,,,,,,,,,,,,,,,,,,,,,,,,,,,,,,,,,,,,,,,,,,,,,,,,,,,,,,,,,,,,,,,,,,,,,,,,,,,,,,,,,,,,,,,,,,,,,,,,,,,,,,,,,,,,,,,,,,,,,,,,,,,,,,,,,,,,,,
23200,<b>,300,110,<e>,,,,,,,,,,,,,,,,,,,,,,,,,,,,,,,,,,,,,,,,,,,,,,,,,,,,,,,,,,,,,,,,,,,,,,,,,,,,,,,,,,,,,,,,,,,,,,,,,,,,,,,,,,,,,,,,,,,,,,,,,,,,,,,,,,,,,,,,,,,,,,,,,,,,,,,,,,,,,,,,,,,,,,,,,,,,,,,,,,,,,,,,,,,,,,,,,,,,,,,,,,,,,,,,,,,,,,,,,,,,,,
23085,<b>,210,110,<e>,<b>,200,110,<e>,<b>,210,200,110,<e>,<b>,310,310,110,<e>,,,,,,,,,,,,,,,,,,,,,,,,,,,,,,,,,,,,,,,,,,,,,,,,,,,,,,,,,,,,,,,,,,,,,,,,,,,,,,,,,,,,,,,,,,,,,,,,,,,,,,,,,,,,,,,,,,,,,,,,,,,,,,,,,,,,,,,,,,,,,,,,,,,,,,,,,,,,,,,,,,,,,,,,,,,,,,,,,,,,,,,,,,,,,,,,,,,,,,,,,,,,,,,,
