23604,<b>,2,3,1,<e>,<b>,4,1,<e>,<b>,4,1,<e>,<b>,955,<e>,<b>,3,1,<e>,<b>,3,2,1,<e>,<b>,955,<e>,<e>
23604,<b>,3,1,<e>,<b>,955,<e>,<b>,2,5,2,1,<e>,<b>,955,<e>,<b>,3,2,1,<e>,<b>,3,1,<e>,<b>,3,2,1,<e>,<e>
23604,<b>,2,1,<e>,<b>,955,<e>,<b>,955,<e>,<b>,955,<e>,<b>,955,<e>,<b>,955,<e>,<b>,955,<e>,<e>
23606,<b>,3,2,3,2,1,<e>,<b>,3,4,3,5,1,<e>,<b>,3,2,1,<e>,<b>,2,1,<e>,<b>,5,1,<e>,<b>,5,1,<e>,<b>,3,2,1,<e>,<e>
23606,<b>,3,2,1,<e>,<b>,5,3,5,1,<e>,<b>,3,2,3,1,<e>,<b>,5,2,1,<e>,<b>,2,1,<e>,<b>,3,1,<e>,<b>,3,2,3,1,<e>,<e>
23606,<b>,3,2,1,<e>,<b>,3,1,<e>,<b>,3,4,3,1,<e>,<b>,955,<e>,<b>,955,<e>,<b>,955,<e>,<b>,955,<e>,<e>
23607,<b>,4,1,2,1,<e>,<b>,4,1,2,4,1,<e>,<b>,2,1,2,1,2,1,<e>,<b>,2,1,2,1,<e>,<b>,3,5,1,<e>,<b>,2,1,<e>,<b>,4,1,2,1,<e>,<e>
23607,<b>,4,2,1,<e>,<b>,2,1,<e>,<b>,4,1,<e>,<b>,2,1,<e>,<b>,2,1,<e>,<b>,2,1,<e>,<b>,4,1,<e>,<e>
23607,<b>,2,1,<e>,<b>,2,1,<e>,<b>,955,<e>,<b>,955,<e>,<b>,955,<e>,<b>,955,<e>,<b>,955,<e>,<e>
23609,<b>,3,1,<e>,<b>,2,1,<e>,<b>,3,2,1,<e>,<b>,2,1,2,1,<e>,<b>,2,1,2,1,<e>,<b>,2,1,<e>,<b>,955,<e>,<e>
23609,<b>,3,2,1,<e>,<b>,3,2,3,1,<e>,<b>,2,1,<e>,<b>,5,2,1,<e>,<b>,955,<e>,<b>,2,1,<e>,<b>,955,<e>,<e>
23609,<b>,3,4,1,<e>,<b>,3,2,1,<e>,<b>,2,1,<e>,<b>,955,<e>,<b>,955,<e>,<b>,955,<e>,<b>,955,<e>,<e>
23610,<b>,3,1,<e>,<b>,3,1,<e>,<b>,3,1,<e>,<b>,2,1,<e>,<b>,2,1,<e>,<b>,3,1,<e>,<b>,3,1,<e>,<e>
23610,<b>,4,1,<e>,<b>,3,1,<e>,<b>,3,1,<e>,<b>,2,1,<e>,<b>,2,1,<e>,<b>,3,1,<e>,<b>,4,1,<e>,<e>
23610,<b>,3,1,<e>,<b>,3,1,<e>,<b>,4,1,<e>,<b>,4,1,<e>,<b>,955,<e>,<b>,955,<e>,<b>,955,<e>,<e>
23614,<b>,4,1,<e>,<b>,4,1,<e>,<b>,4,1,<e>,<b>,4,1,<e>,<b>,4,1,<e>,<b>,4,3,4,1,<e>,<b>,4,1,<e>,<e>
23614,<b>,4,1,<e>,<b>,955,<e>,<b>,4,1,<e>,<b>,4,1,<e>,<b>,2,1,4,1,<e>,<b>,4,1,<e>,<b>,4,5,1,<e>,<e>
23614,<b>,4,1,<e>,<b>,4,1,<e>,<b>,4,3,4,1,<e>,<b>,4,1,<e>,<b>,955,<e>,<b>,955,<e>,<b>,955,<e>,<e>
23615,<b>,3,1,<e>,<b>,3,1,<e>,<b>,3,1,<e>,<b>,3,1,2,1,<e>,<b>,2,1,2,1,<e>,<b>,3,1,<e>,<b>,3,1,<e>,<e>
23615,<b>,3,1,<e>,<b>,2,1,2,1,<e>,<b>,3,1,<e>,<b>,2,1,<e>,<b>,2,1,<e>,<b>,3,1,<e>,<b>,3,1,<e>,<e>
23615,<b>,3,1,<e>,<b>,3,1,<e>,<b>,3,1,<e>,<b>,3,1,<e>,<b>,955,<e>,<b>,955,<e>,<b>,955,<e>,<e>
23616,<b>,5,1,<e>,<b>,955,<e>,<b>,5,1,<e>,<b>,5,1,<e>,<b>,955,<e>,<b>,5,1,<e>,<b>,955,<e>,<e>
23616,<b>,5,1,<e>,<b>,5,1,<e>,<b>,5,1,<e>,<b>,955,<e>,<b>,955,<e>,<b>,5,1,<e>,<b>,955,<e>,<e>
23616,<b>,5,1,<e>,<b>,955,<e>,<b>,2,5,1,<e>,<b>,955,<e>,<b>,955,<e>,<b>,955,<e>,<b>,955,<e>,<e>
23617,<b>,3,1,<e>,<b>,3,1,<e>,<b>,955,<e>,<b>,2,1,<e>,<b>,5,2,1,<e>,<b>,955,<e>,<b>,3,1,<e>,<e>
23617,<b>,3,2,1,<e>,<b>,2,1,2,1,<e>,<b>,2,1,<e>,<b>,955,<e>,<b>,3,2,1,<e>,<b>,3,1,<e>,<b>,3,1,<e>,<e>
23617,<b>,3,2,1,<e>,<b>,5,2,1,2,1,<e>,<b>,955,<e>,<b>,955,<e>,<b>,955,<e>,<b>,955,<e>,<b>,955,<e>,<e>
23622,<b>,4,1,1,<e>,<b>,3,1,<e>,<b>,3,4,1,<e>,<b>,3,1,<e>,<b>,2,5,1,<e>,<b>,5,1,<e>,<b>,4,1,<e>,<e>
23622,<b>,3,1,<e>,<b>,4,1,<e>,<b>,3,1,<e>,<b>,3,4,1,<e>,<b>,2,1,<e>,<b>,3,1,<e>,<b>,4,1,<e>,<e>
23622,<b>,3,1,<e>,<b>,3,1,<e>,<b>,3,1,<e>,<b>,3,1,<e>,<b>,955,<e>,<b>,955,<e>,<b>,955,<e>,<e>
23623,<b>,4,4,1,<e>,<b>,4,2,1,2,1,2,1,<e>,<b>,4,1,4,1,4,1,2,1,<e>,<b>,2,1,2,1,<e>,<b>,2,1,<e>,<b>,2,1,4,2,4,1,<e>,<b>,4,1,5,4,1,<e>,<e>
23623,<b>,4,1,4,1,<e>,<b>,2,1,2,1,<e>,<b>,4,2,4,1,<e>,<b>,4,2,1,<e>,<b>,4,2,1,2,1,<e>,<b>,4,1,4,1.0,<e>,<b>,4,4.0,4,1,2.0,1.0,<e>,<e>
23623,<b>,4.0,4,4.0,2.0,1.0,<e>,<b>,4.0,4,4.0,1.0,2.0,1.0,<e>,<b>,5.0,1.0,<e>,<b>,2.0,1.0,2.0,1.0,<e>,<b>,955,<e>,<b>,955,<e>,<b>,955,<e>,<e>
23625,<b>,3,1,<e>,<b>,2,1,<e>,<b>,3,1,<e>,<b>,2,1,<e>,<b>,955,<e>,<b>,955,<e>,<b>,3,1,<e>,<e>
23625,<b>,2,1,<e>,<b>,3,1,<e>,<b>,2,1,<e>,<b>,955,<e>,<b>,5,3,1,<e>,<b>,3,1,<e>,<b>,2,1,<e>,<e>
23625,<b>,3,1,<e>,<b>,955,<e>,<b>,955,<e>,<b>,955,<e>,<b>,955,<e>,<b>,955,<e>,<b>,955,<e>,<e>
23630,<b>,3,2,2,1,<e>,<b>,3,2,1,<e>,<b>,3,1,<e>,<b>,2,1,<e>,<b>,5,1,<e>,<b>,3,5,2,1,<e>,<b>,3,4,3,2,1,<e>,<e>
23630,<b>,3,4,2,1,<e>,<b>,2,1,<e>,<b>,3,1,5,1,<e>,<b>,5,1,<e>,<b>,2,1,<e>,<b>,3,1,4,2,1,<e>,<b>,3,1,<e>,<e>
23630,<b>,3,1,<e>,<b>,3,5,2,1,<e>,<b>,3,5,2,1,<e>,<b>,5,1,<e>,<b>,955,<e>,<b>,955,<e>,<b>,955,<e>,<e>
23636,<b>,4,1,<e>,<b>,4,1,<e>,<b>,4,1,<e>,<b>,955,<e>,<b>,2,1,<e>,<b>,4,1,<e>,<b>,3,4,1,<e>,<e>
23636,<b>,4,3,1,<e>,<b>,2,1,<e>,<b>,4,1,<e>,<b>,955,<e>,<b>,955,<e>,<b>,4,1,<e>,<b>,3,4,1,<e>,<e>
23636,<b>,4,1,<e>,<b>,4,2,4,1,<e>,<b>,955,<e>,<b>,4,2,1,<e>,<b>,955,<e>,<b>,955,<e>,<b>,955,<e>,<e>
23643,<b>,3,2,1,<e>,<b>,2,1,<e>,<b>,2,1,2,1,2,1,<e>,<b>,955,<e>,<b>,955,<e>,<b>,955,<e>,<b>,955,<e>,<e>
23643,<b>,2,3,2,3,1,<e>,<b>,2,5,1,2,1,<e>,<b>,955,<e>,<b>,2,1,<e>,<b>,2,1,<e>,<b>,2,3,1,2,1,<e>,<b>,955,<e>,<e>
23644,<b>,3,2,3,1,2,1,<e>,<b>,3,1,<e>,<b>,3,2,1,<e>,<b>,2,1,<e>,<b>,2,5,2,1,<e>,<b>,3,1,<e>,<b>,3,1,<e>,<e>
23644,<b>,3,1,<e>,<b>,5,2,1,<e>,<b>,3,1,<e>,<b>,955,<e>,<b>,2,1,<e>,<b>,3,1,<e>,<b>,955,<e>,<e>
23644,<b>,3,2,3,1,<e>,<b>,3,1,<e>,<b>,3,1,<e>,<b>,5,2,1,<e>,<b>,955,<e>,<b>,955,<e>,<b>,955,<e>,<e>
23646,<b>,3,1,<e>,<b>,3,1,<e>,<b>,4,3,1,<e>,<b>,2,1,2,1,<e>,<b>,2,1,5,1,2,1,<e>,<b>,3,5,1,3,1,<e>,<b>,3,2,1,<e>,<e>
23646,<b>,3,5,2,1,<e>,<b>,2,1,2,1,<e>,<b>,5,2,1,<e>,<b>,2,1,2,1,<e>,<b>,2,1,5,1,2,1,<e>,<b>,5,2,3,1,<e>,<b>,5,2,3,1,<e>,<e>
23646,<b>,4,3,1,<e>,<b>,5,4,1,<e>,<b>,3,1,<e>,<b>,2,1,2,1,<e>,<b>,955,<e>,<b>,955,<e>,<b>,955,<e>,<e>
23649,<b>,2,1,<e>,<b>,955,<e>,<b>,3,1,<e>,<b>,2,1,<e>,<b>,2,1,<e>,<b>,3,1,<e>,<b>,955,<e>,<e>
23649,<b>,3,1,<e>,<b>,3,1,<e>,<b>,955,<e>,<b>,3,1,<e>,<b>,955,<e>,<b>,3,1,<e>,<b>,2,1,<e>,<e>
23649,<b>,2,1,<e>,<b>,955,<e>,<b>,955,<e>,<b>,2,1,<e>,<b>,955,<e>,<b>,955,<e>,<b>,955,<e>,<e>
23652,<b>,3,1,<e>,<b>,3,1,<e>,<b>,2,3,1,<e>,<b>,3,1,<e>,<b>,4,1,<e>,<b>,955,<e>,<b>,3,1,<e>,<e>
23652,<b>,3,1,<e>,<b>,3,1,<e>,<b>,3,1,<e>,<b>,4,3,1,<e>,<b>,955,<e>,<b>,2,3,2,1,<e>,<b>,3,1,<e>,<e>
23652,<b>,3,1,<e>,<b>,3,1,<e>,<b>,3,1,<e>,<b>,2,3,1,<e>,<b>,955,<e>,<b>,955,<e>,<b>,955,<e>,<e>
23654,<b>,2,1,<e>,<b>,2,1,2,1,<e>,<b>,4,1,<e>,<b>,955,<e>,<b>,955,<e>,<b>,955,<e>,<b>,955,<e>,<e>
23654,<b>,2,1,<e>,<b>,955,<e>,<b>,4,2,1,<e>,<b>,955,<e>,<b>,4,2,1,<e>,<b>,4,2,1,2,1,<e>,<b>,955,<e>,<e>
23654,<b>,2,4,2,1,<e>,<b>,4,2,1,<e>,<b>,955,<e>,<b>,955,<e>,<b>,955,<e>,<b>,955,<e>,<b>,955,<e>,<e>
23656,<b>,4,1,<e>,<b>,955,<e>,<b>,955,<e>,<b>,955,<e>,<b>,2,1,2,1,<e>,<b>,3,1,<e>,<b>,955,<e>,<e>
23657,<b>,2,5,1,<e>,<b>,4,1,<e>,<b>,955,<e>,<b>,5,2,1,<e>,<b>,5,1,<e>,<b>,4,5,1,2,1,<e>,<b>,3,1,2,1,2,5,2,1,<e>,<e>
23657,<b>,4,1,<e>,<b>,955,<e>,<b>,955,<e>,<b>,4,1,<e>,<b>,2,1,<e>,<b>,5,1,<e>,<b>,4,2,1,<e>,<e>
23657,<b>,2,1,<e>,<b>,5,1,<e>,<b>,2,1,<e>,<b>,955,<e>,<b>,955,<e>,<b>,955,<e>,<b>,955,<e>,<e>
23663,<b>,3,1,<e>,<b>,3,1,<e>,<b>,3,2,1,<e>,<b>,2,1,<e>,<b>,3,1,<e>,<b>,3,1,<e>,<b>,5,1,<e>,<e>
23663,<b>,3,1,<e>,<b>,3,2,1,<e>,<b>,3,1,<e>,<b>,3,1,<e>,<b>,3,1,<e>,<b>,2,1,<e>,<b>,955,<e>,<e>
23663,<b>,3,1,<e>,<b>,3,1,<e>,<b>,3,1,<e>,<b>,3,1,<e>,<b>,955,<e>,<b>,955,<e>,<b>,955,<e>,<e>
23664,<b>,3,4,4,2,1,<e>,<b>,4,2,1,<e>,<b>,3,1,<e>,<b>,5,1,<e>,<b>,2,1,<e>,<b>,955,<e>,<b>,3,4,1,<e>,<e>
23664,<b>,5,3,1,<e>,<b>,2,5,2,1,<e>,<b>,3,1,<e>,<b>,5,1,<e>,<b>,2,1,<e>,<b>,955,<e>,<b>,955,<e>,<e>
23664,<b>,3,2,1,<e>,<b>,2,1,<e>,<b>,955,<e>,<b>,5,1,<e>,<b>,955,<e>,<b>,955,<e>,<b>,955,<e>,<e>
23666,<b>,2,1,2,1,2,1,<e>,<b>,3,2,3,4,3,1,<e>,<b>,3,1,<e>,<b>,2,1,2,1,<e>,<b>,2,1,2,1,<e>,<b>,3,4,3,2,1,<e>,<b>,3,4,3,1,<e>,<e>
23666,<b>,2,1,2,1,<e>,<b>,3,4,3,2,1,<e>,<b>,3,4,3,2,1,<e>,<b>,2,1,2,1,<e>,<b>,2,1,<e>,<b>,3,4,3,2,1,<e>,<b>,3,4,3,2,1,<e>,<e>
23666,<b>,2,1,2,1,<e>,<b>,3,4,3,1,<e>,<b>,3,4,3,2,3,1,<e>,<b>,2,1,2,1,2,1,<e>,<b>,955,<e>,<b>,955,<e>,<b>,955,<e>,<e>
23667,<b>,3,1,<e>,<b>,3,1,<e>,<b>,955,<e>,<b>,2,1,<e>,<b>,2,5,1,<e>,<b>,3,1,<e>,<b>,3,1,<e>,<e>
23667,<b>,3,1,<e>,<b>,2,1,2,1,<e>,<b>,3,1,<e>,<b>,955,<e>,<b>,955,<e>,<b>,2,1,5,1,<e>,<b>,3,1,<e>,<e>
23667,<b>,3,1,2,1,<e>,<b>,3,2,1,<e>,<b>,3,1,<e>,<b>,3,2,1,<e>,<b>,955,<e>,<b>,955,<e>,<b>,955,<e>,<e>
23669,<b>,3,5,1,<e>,<b>,955,<e>,<b>,3,5,1,<e>,<b>,2,1,<e>,<b>,2,1,<e>,<b>,3,5,1,<e>,<b>,3,5,2,1,<e>,<e>
23669,<b>,3,5,1,<e>,<b>,955,<e>,<b>,3,5,1,<e>,<b>,5,2,1,2,1,<e>,<b>,5,1,<e>,<b>,3,5,1,<e>,<b>,955,<e>,<e>
23669,<b>,3,5,1,<e>,<b>,955,<e>,<b>,3,1,<e>,<b>,5,1,<e>,<b>,955,<e>,<b>,955,<e>,<b>,955,<e>,<e>
23673,<b>,3,2,2,5,1,<e>,<b>,3,1,<e>,<b>,3,1,<e>,<b>,2,1,<e>,<b>,2,1,<e>,<b>,3,5,1,<e>,<b>,3,1,<e>,<e>
23673,<b>,3,2,1,<e>,<b>,955,<e>,<b>,3,5,1,<e>,<b>,955,<e>,<b>,955,<e>,<b>,3,2,1,<e>,<b>,3,1,<e>,<e>
23673,<b>,3,5,1,<e>,<b>,3,5,1,<e>,<b>,955,<e>,<b>,955,<e>,<b>,955,<e>,<b>,955,<e>,<b>,955,<e>,<e>
23674,<b>,3,2,1,<e>,<b>,955,<e>,<b>,3,1,<e>,<b>,2,1,<e>,<b>,4,2,1,<e>,<b>,3,2,1,<e>,<b>,3,1,<e>,<e>
23674,<b>,3,2,1,<e>,<b>,2,1,<e>,<b>,4,2,1,<e>,<b>,955,<e>,<b>,3,2,1,<e>,<b>,3,2,5,1,<e>,<b>,3,2,1,<e>,<e>
23674,<b>,3,4,2,1,<e>,<b>,4,2,1,<e>,<b>,955,<e>,<b>,955,<e>,<b>,955,<e>,<b>,955,<e>,<b>,955,<e>,<e>
23675,<b>,4,3,1,<e>,<b>,4,1,<e>,<b>,4,3,1,<e>,<b>,4,1,2,1,<e>,<b>,4,1,2,1,2,1,<e>,<b>,2,1,2,1,<e>,<b>,3,1,<e>,<e>
23675,<b>,3,2,4,3,1,<e>,<b>,5,4,1,2,1,<e>,<b>,5,2,1,<e>,<b>,2,1,5,1,<e>,<b>,2,1,2,1,<e>,<b>,3,1,2,1,<e>,<b>,3,1,<e>,<e>
23675,<b>,2,1,2,1,<e>,<b>,3,1,2,1,<e>,<b>,3,1,<e>,<b>,4,1,2,1,<e>,<b>,955,<e>,<b>,955,<e>,<b>,955,<e>,<e>
23677,<b>,3,1,<e>,<b>,3,1,<e>,<b>,3,1,<e>,<b>,955,<e>,<b>,955,<e>,<b>,3,1,<e>,<b>,3,1,<e>,<e>
23677,<b>,3,1,<e>,<b>,955,<e>,<b>,5,1,<e>,<b>,955,<e>,<b>,955,<e>,<b>,3,1,<e>,<b>,3,1,<e>,<e>
23677,<b>,3,1,<e>,<b>,3,1,<e>,<b>,955,<e>,<b>,955,<e>,<b>,955,<e>,<b>,955,<e>,<b>,955,<e>,<e>
23679,<b>,3,1,<e>,<b>,3,1,<e>,<b>,3,2,1,<e>,<b>,2,1,<e>,<b>,2,1,<e>,<b>,3,2,1,<e>,<b>,3,1,<e>,<e>
23679,<b>,3,2,1,<e>,<b>,2,1,<e>,<b>,3,1,<e>,<b>,5,2,1,<e>,<b>,2,1,4,2,1,<e>,<b>,3,2,1,<e>,<b>,3,4,1,<e>,<e>
23679,<b>,3,2,1,<e>,<b>,3,2,1,<e>,<b>,3,2,1,<e>,<b>,5,2,1,<e>,<b>,955,<e>,<b>,955,<e>,<b>,955,<e>,<e>
23682,<b>,2,1,4,2,1,<e>,<b>,5,4,1,<e>,<b>,5,2,5,1,<e>,<b>,955,<e>,<b>,955,<e>,<b>,5,4,2,1,<e>,<b>,5,1,4,2,1,<e>,<e>
23682,<b>,4,2,1,<e>,<b>,5,4,2,1,<e>,<b>,4,1,2,1,<e>,<b>,955,<e>,<b>,955,<e>,<b>,955,<e>,<b>,955,<e>,<e>
23682,<b>,2,1,4,2,1,<e>,<b>,2,1,4,1,<e>,<b>,5,2,4,1,<e>,<b>,955,<e>,<b>,955,<e>,<b>,955,<e>,<b>,955,<e>,<e>
23683,<b>,2,1,<e>,<b>,2,1,<e>,<b>,955,<e>,<b>,5,2,1,<e>,<b>,5,1,<e>,<b>,5,1,<e>,<b>,5,1,<e>,<e>
23683,<b>,2,1,<e>,<b>,955,<e>,<b>,5,2,1,<e>,<b>,5,1,<e>,<b>,955,<e>,<b>,955,<e>,<b>,955,<e>,<e>
23684,<b>,3,1,<e>,<b>,955,<e>,<b>,955,<e>,<b>,955,<e>,<b>,5,2,1,<e>,<b>,3,1,<e>,<b>,3,1,<e>,<e>
23684,<b>,2,1,<e>,<b>,3,1,<e>,<b>,2,1,<e>,<b>,2,1,<e>,<b>,955,<e>,<b>,955,<e>,<b>,955,<e>,<e>
23684,<b>,4,1,<e>,<b>,3,2,1,<e>,<b>,5,1,<e>,<b>,955,<e>,<b>,955,<e>,<b>,955,<e>,<b>,955,<e>,<e>
23686,<b>,4,1,<e>,<b>,4,1,<e>,<b>,2,1,<e>,<b>,2,1,<e>,<b>,2,1,<e>,<b>,4,1,<e>,<b>,4,1,<e>,<e>
23686,<b>,4,1,<e>,<b>,2,1,<e>,<b>,955,<e>,<b>,4,1,<e>,<b>,4,1,<e>,<b>,955,<e>,<b>,955,<e>,<e>
23686,<b>,4,1,<e>,<b>,955,<e>,<b>,2,1,<e>,<b>,4,1,<e>,<b>,955,<e>,<b>,955,<e>,<b>,955,<e>,<e>
23687,<b>,3,2,3,1,<e>,<b>,3,1,5,1,<e>,<b>,3,5,1,<e>,<b>,3,1,<e>,<b>,2,1,<e>,<b>,3,4,3,5,1,<e>,<b>,3,4,3,5,1,<e>,<e>
23687,<b>,3,2,3,1,<e>,<b>,5,1,<e>,<b>,3,4,3,2,3,5,1,<e>,<b>,3,2,3,1,<e>,<b>,5,1,<e>,<b>,3,2,3,2,1,<e>,<b>,955,<e>,<e>
23687,<b>,3,2,3,1,<e>,<b>,3,2,3,2,1,<e>,<b>,3,2,3,5,1,<e>,<b>,955,<e>,<b>,955,<e>,<b>,955,<e>,<b>,955,<e>,<e>
23688,<b>,2,1,<e>,<b>,955,<e>,<b>,5,2,1,<e>,<b>,5,1,2,1,<e>,<b>,5,2,1,<e>,<b>,5,2,1,<e>,<b>,5,2,1,<e>,<e>
23688,<b>,2,1,<e>,<b>,5,1,2,1,<e>,<b>,955,<e>,<b>,5,2,1,<e>,<b>,5,1,<e>,<b>,2,1,2,1,<e>,<b>,2,1,<e>,<e>
23688,<b>,2,1,<e>,<b>,2,1,<e>,<b>,2,1,<e>,<b>,5,2,1,2,1,<e>,<b>,955,<e>,<b>,955,<e>,<b>,955,<e>,<e>
23689,<b>,3,2,3,1,<e>,<b>,3,2,3,1,<e>,<b>,3,2,3,2,1,<e>,<b>,2,1,2,1,<e>,<b>,955,<e>,<b>,955,<e>,<b>,3,2,3,4,3,1,<e>,<e>
23689,<b>,3,4,3,1,<e>,<b>,955,<e>,<b>,3,2,1,<e>,<b>,2,1,<e>,<b>,2,1,<e>,<b>,3,2,3,1,<e>,<b>,3,1,<e>,<e>
23689,<b>,3,2,3,1,<e>,<b>,955,<e>,<b>,955,<e>,<b>,2,1,2,1,2,1,<e>,<b>,955,<e>,<b>,955,<e>,<b>,955,<e>,<e>
23693,<b>,4,2,1,<e>,<b>,955,<e>,<b>,955,<e>,<b>,4,2,4,2,1,<e>,<b>,2,4,1,<e>,<b>,955,<e>,<b>,4,1,<e>,<e>
23694,<b>,3,1,<e>,<b>,4,3,5,1,<e>,<b>,3,2,1,<e>,<b>,955,<e>,<b>,2,1,2,1,<e>,<b>,4,3,4,2,1,<e>,<b>,3,2,1,<e>,<e>
23694,<b>,3,2,1,<e>,<b>,2,1,2,1,<e>,<b>,4,3,1,<e>,<b>,3,1,<e>,<b>,2,1,<e>,<b>,3,2,1,<e>,<b>,3,1,<e>,<e>
23694,<b>,3,2,1,<e>,<b>,5,2,1,2,1,2,1,<e>,<b>,4,3,1,<e>,<b>,2,1,2,1,<e>,<b>,955,<e>,<b>,955,<e>,<b>,955,<e>,<e>
23695,<b>,2,2,1,<e>,<b>,2,5,2,1,<e>,<b>,4,5,2,1,<e>,<b>,2,1,<e>,<b>,2,1,<e>,<b>,4,2,1,<e>,<b>,2,1,<e>,<e>
23695,<b>,2,1,<e>,<b>,955,<e>,<b>,955,<e>,<b>,955,<e>,<b>,2,1,<e>,<b>,4,1,2,1,<e>,<b>,2,1,<e>,<e>
23695,<b>,5,1,<e>,<b>,955,<e>,<b>,955,<e>,<b>,955,<e>,<b>,955,<e>,<b>,955,<e>,<b>,955,<e>,<e>
23696,<b>,3,1,<e>,<b>,3,1,<e>,<b>,3,1,<e>,<b>,955,<e>,<b>,955,<e>,<b>,3,1,<e>,<b>,5,1,<e>,<e>
23696,<b>,3,1,<e>,<b>,2,1,<e>,<b>,3,4,1,<e>,<b>,5,1,<e>,<b>,2,1,<e>,<b>,3,1,<e>,<b>,3,1,<e>,<e>
23696,<b>,3,1,<e>,<b>,3,1,<e>,<b>,3,1,<e>,<b>,2,1,<e>,<b>,955,<e>,<b>,955,<e>,<b>,955,<e>,<e>
23701,<b>,3,1,<e>,<b>,3,1,<e>,<b>,3,1,<e>,<b>,2,1,<e>,<b>,2,1,<e>,<b>,3,4,1,<e>,<b>,3,1,<e>,<e>
23701,<b>,3,1,<e>,<b>,5,1,<e>,<b>,3,5,2,1,<e>,<b>,2,1,<e>,<b>,2,1,<e>,<b>,3,1,<e>,<b>,3,1,<e>,<e>
23701,<b>,3,1,<e>,<b>,3,1,<e>,<b>,3,1,<e>,<b>,5,1,<e>,<b>,955,<e>,<b>,955,<e>,<b>,955,<e>,<e>
23702,<b>,3,1,<e>,<b>,3,1,<e>,<b>,955,<e>,<b>,2,1,<e>,<b>,2,1,<e>,<b>,955,<e>,<b>,3,1,<e>,<e>
23702,<b>,4,1,<e>,<b>,5,2,1,<e>,<b>,955,<e>,<b>,955,<e>,<b>,955,<e>,<b>,955,<e>,<b>,955,<e>,<e>
23702,<b>,4,1,<e>,<b>,3,1,<e>,<b>,3,1,<e>,<b>,2,1,5,1,<e>,<b>,955,<e>,<b>,955,<e>,<b>,955,<e>,<e>
23703,<b>,3,1,<e>,<b>,2,1,2,5,1,<e>,<b>,4,1,<e>,<b>,4,1,<e>,<b>,2,1,<e>,<b>,3,2,1,<e>,<b>,3,2,1,<e>,<e>
23703,<b>,3,1,<e>,<b>,2,1,<e>,<b>,2,1,<e>,<b>,3,2,1,<e>,<b>,5,2,1,<e>,<b>,2,1,<e>,<b>,3,2,1,<e>,<e>
23703,<b>,3,1,<e>,<b>,3,4,1,<e>,<b>,955,<e>,<b>,3,2,1,<e>,<b>,955,<e>,<b>,955,<e>,<b>,955,<e>,<e>
23704,<b>,2,1,<e>,<b>,5,1,<e>,<b>,955,<e>,<b>,955,<e>,<b>,955,<e>,<b>,955,<e>,<b>,955,<e>,<e>
23704,<b>,5,1,<e>,<b>,955,<e>,<b>,955,<e>,<b>,955,<e>,<b>,5,1,5,1,<e>,<b>,955,<e>,<b>,955,<e>,<e>
23706,<b>,4,1,<e>,<b>,3,1,<e>,<b>,955,<e>,<b>,955,<e>,<b>,3,4,1,<e>,<b>,955,<e>,<b>,955,<e>,<e>
23706,<b>,3,4,1,<e>,<b>,955,<e>,<b>,955,<e>,<b>,955,<e>,<b>,3,1,<e>,<b>,955,<e>,<b>,955,<e>,<e>
23706,<b>,2,1,<e>,<b>,955,<e>,<b>,955,<e>,<b>,955,<e>,<b>,955,<e>,<b>,955,<e>,<b>,955,<e>,<e>
23708,<b>,3,1,<e>,<b>,3,1,<e>,<b>,3,1,<e>,<b>,955,<e>,<b>,955,<e>,<b>,5,1,<e>,<b>,3,1,<e>,<e>
23708,<b>,3,1,<e>,<b>,5,1,<e>,<b>,3,1,<e>,<b>,955,<e>,<b>,955,<e>,<b>,5,1,5,1,<e>,<b>,3,1,<e>,<e>
23708,<b>,3,1,<e>,<b>,3,1,<e>,<b>,3,1,<e>,<b>,3,1,<e>,<b>,955,<e>,<b>,955,<e>,<b>,955,<e>,<e>
23711,<b>,3,1,<e>,<b>,4,2,1,<e>,<b>,3,1,<e>,<b>,3,2,1,<e>,<b>,3,1,<e>,<b>,4,2,1,<e>,<b>,3,1,<e>,<e>
23711,<b>,4,1,<e>,<b>,3,1,<e>,<b>,3,1,<e>,<b>,2,3,1,<e>,<b>,2,1,<e>,<b>,3,1,<e>,<b>,3,1,<e>,<e>
23711,<b>,3,1,<e>,<b>,4,2,1,5,1,<e>,<b>,955,<e>,<b>,955,<e>,<b>,955,<e>,<b>,955,<e>,<b>,955,<e>,<e>
23716,<b>,4,2,1,<e>,<b>,4,2,1,5,1,<e>,<b>,4,2,1,<e>,<b>,4,1,<e>,<b>,5,1,<e>,<b>,4,2,5,1,4,1,<e>,<b>,955,<e>,<e>
23716,<b>,4,2,5,1,<e>,<b>,955,<e>,<b>,4,1,<e>,<b>,955,<e>,<b>,5,2,1,<e>,<b>,4,1,5,1,<e>,<b>,4,2,5,1,<e>,<e>
23716,<b>,4,2,1,<e>,<b>,4,2,4,2,1,<e>,<b>,5,1,4,2,5,2,1,<e>,<b>,955,<e>,<b>,955,<e>,<b>,955,<e>,<b>,955,<e>,<e>
23718,<b>,3,1,<e>,<b>,3,1,<e>,<b>,5,2,1,<e>,<b>,955,<e>,<b>,2,1,<e>,<b>,3,2,1,<e>,<b>,3,1,<e>,<e>
23718,<b>,3,2,1,<e>,<b>,955,<e>,<b>,955,<e>,<b>,3,1,<e>,<b>,3,5,1,<e>,<b>,3,5,1,<e>,<b>,5,2,5,1,<e>,<e>
23718,<b>,3,2,1,<e>,<b>,955,<e>,<b>,955,<e>,<b>,955,<e>,<b>,955,<e>,<b>,955,<e>,<b>,955,<e>,<e>
23720,<b>,2,1,<e>,<b>,2,1,<e>,<b>,2,1,2,1,<e>,<b>,955,<e>,<b>,2,1,2,1,<e>,<b>,955,<e>,<b>,5,1,<e>,<e>
23720,<b>,4,1,<e>,<b>,2,1,5,1,<e>,<b>,955,<e>,<b>,955,<e>,<b>,2,1,<e>,<b>,2,1,<e>,<b>,2,1,<e>,<e>
23720,<b>,2,1,2,1,<e>,<b>,2,1,2,1,<e>,<b>,4,1,<e>,<b>,2,1,<e>,<b>,955,<e>,<b>,955,<e>,<b>,955,<e>,<e>
23721,<b>,3,1,<e>,<b>,3,1,<e>,<b>,955,<e>,<b>,2,1,<e>,<b>,2,5,2,1,<e>,<b>,3,1,<e>,<b>,3,4,2,1,<e>,<e>
23721,<b>,3,1,<e>,<b>,955,<e>,<b>,3,4,1,<e>,<b>,2,1,2,1,<e>,<b>,955,<e>,<b>,3,2,1,<e>,<b>,3,2,1,<e>,<e>
23721,<b>,3,1,<e>,<b>,3,2,1,<e>,<b>,3,1,4,1,<e>,<b>,2,1,<e>,<b>,955,<e>,<b>,955,<e>,<b>,955,<e>,<e>
23724,<b>,4,1,<e>,<b>,955,<e>,<b>,955,<e>,<b>,955,<e>,<b>,2,1,<e>,<b>,4,1,<e>,<b>,955,<e>,<e>
23724,<b>,4,3,1,<e>,<b>,4,2,4,5,4,1,<e>,<b>,4,1,<e>,<b>,4,1,<e>,<b>,955,<e>,<b>,955,<e>,<b>,955,<e>,<e>
23726,<b>,4,1,<e>,<b>,3,1,<e>,<b>,3,1,<e>,<b>,5,2,1,2,1,<e>,<b>,5,1,<e>,<b>,5,1,<e>,<b>,3,1,<e>,<e>
23726,<b>,3,1,<e>,<b>,2,1,2,1,<e>,<b>,3,1,<e>,<b>,2,1,2,1,<e>,<b>,5,1,<e>,<b>,955,<e>,<b>,955,<e>,<e>
23726,<b>,4,3,1,<e>,<b>,3,1,2,1,<e>,<b>,3,1,<e>,<b>,5,2,1,<e>,<b>,955,<e>,<b>,955,<e>,<b>,955,<e>,<e>
23727,<b>,3,2,1,<e>,<b>,3,1,<e>,<b>,3,4,1,<e>,<b>,2,1,<e>,<b>,2,1,<e>,<b>,5,1,<e>,<b>,3,4,1,<e>,<e>
23727,<b>,2,1,<e>,<b>,3,1,<e>,<b>,3,4,1,<e>,<b>,955,<e>,<b>,3,1,<e>,<b>,3,1,<e>,<b>,955,<e>,<e>
23727,<b>,3,1,<e>,<b>,3,1,<e>,<b>,955,<e>,<b>,955,<e>,<b>,955,<e>,<b>,955,<e>,<b>,955,<e>,<e>
23728,<b>,2,1,<e>,<b>,955,<e>,<b>,955,<e>,<b>,2,1,<e>,<b>,955,<e>,<b>,955,<e>,<b>,4,2,1,<e>,<e>
23728,<b>,2,1,<e>,<b>,3,2,1,2,1,<e>,<b>,3,2,1,<e>,<b>,3,2,1,<e>,<b>,4,2,3,1,<e>,<b>,2,1,<e>,<b>,955,<e>,<e>
23728,<b>,3,1,<e>,<b>,4,2,1,<e>,<b>,3,1,<e>,<b>,3,1,<e>,<b>,955,<e>,<b>,955,<e>,<b>,955,<e>,<e>
23730,<b>,2,1,<e>,<b>,955,<e>,<b>,955,<e>,<b>,955,<e>,<b>,2,1,<e>,<b>,3,4,3,1,<e>,<b>,3,4,3,2,1,<e>,<e>
23730,<b>,3,4,3,1,<e>,<b>,3,2,1,<e>,<b>,3,4,3,1,<e>,<b>,2,1,2,1,<e>,<b>,2,1,2,1,<e>,<b>,3,4,3,1,<e>,<b>,3,4,3,2,1,<e>,<e>
23730,<b>,3,4,3,1,<e>,<b>,3,4,3,2,1,<e>,<b>,3,4,3,1,<e>,<b>,2,1,2,1,<e>,<b>,955,<e>,<b>,955,<e>,<b>,955,<e>,<e>
23733,<b>,5,1,<e>,<b>,2,1,<e>,<b>,955,<e>,<b>,3,2,1,2,1,<e>,<b>,955,<e>,<b>,5,3,1,<e>,<b>,2,5,1,<e>,<e>
23733,<b>,5,1,<e>,<b>,955,<e>,<b>,5,1,<e>,<b>,955,<e>,<b>,955,<e>,<b>,5,1,<e>,<b>,955,<e>,<e>
23737,<b>,3,1,<e>,<b>,955,<e>,<b>,2,1,<e>,<b>,2,1,<e>,<b>,2,1,<e>,<b>,2,1,<e>,<b>,955,<e>,<e>
23737,<b>,2,1,<e>,<b>,2,1,<e>,<b>,3,1,<e>,<b>,955,<e>,<b>,955,<e>,<b>,2,1,<e>,<b>,955,<e>,<e>
23738,<b>,4,2,1,2,1,<e>,<b>,2,1,4,1,<e>,<b>,4,1,<e>,<b>,4,2,1,<e>,<b>,4,2,1,<e>,<b>,4,2,1,<e>,<b>,4,2,1,<e>,<e>
23738,<b>,4,2,4,2,1,<e>,<b>,2,1,4,2,1,<e>,<b>,2,1,<e>,<b>,4,2,1,<e>,<b>,4,2,4,2,1,<e>,<b>,2,1,4,2,1,<e>,<b>,4,2,4,2,1,<e>,<e>
23738,<b>,4,2,1,<e>,<b>,2,1,4,2,4,2,5,1,<e>,<b>,4,2,1,<e>,<b>,2,1,4.0,2,1,<e>,<b>,955,<e>,<b>,955,<e>,<b>,955,<e>,<e>
23740,<b>,3,3,1,<e>,<b>,3,1,<e>,<b>,3,1,<e>,<b>,2,5,1,<e>,<b>,4,1,<e>,<b>,955,<e>,<b>,3,1,<e>,<e>
23740,<b>,3,1,<e>,<b>,4,1,<e>,<b>,5,1,<e>,<b>,955,<e>,<b>,4,1,<e>,<b>,5,1,<e>,<b>,3,1,<e>,<e>
23740,<b>,3,1,<e>,<b>,3,1,<e>,<b>,4,1,<e>,<b>,955,<e>,<b>,955,<e>,<b>,955,<e>,<b>,955,<e>,<e>
23741,<b>,3,4,1,<e>,<b>,3,1,<e>,<b>,3,1,<e>,<b>,2,1,<e>,<b>,955,<e>,<b>,3,4,1,<e>,<b>,3,4,1,<e>,<e>
23741,<b>,3,4,1,<e>,<b>,955,<e>,<b>,3,1,<e>,<b>,2,1,<e>,<b>,2,1,<e>,<b>,3,4,1,<e>,<b>,3,1,<e>,<e>
23741,<b>,3,4,1,<e>,<b>,3,1,<e>,<b>,3,1,<e>,<b>,955,<e>,<b>,955,<e>,<b>,955,<e>,<b>,955,<e>,<e>
23746,<b>,3,2,1,<e>,<b>,3,2,1,<e>,<b>,2,5,2,1,2,1,<e>,<b>,3,2,1,<e>,<b>,3,2,1,<e>,<b>,2,1,2,1,<e>,<b>,3,2,1,<e>,<e>
23746,<b>,3,2,1,<e>,<b>,4,3,5,2,1,<e>,<b>,5,2,1,<e>,<b>,3,2,1,<e>,<b>,3,2,1,<e>,<b>,3,2,1,<e>,<b>,3,2,1,<e>,<e>
23746,<b>,3,2,1,<e>,<b>,2,1,2,5,2,1,<e>,<b>,3,2,1,<e>,<b>,2,1,2,2.0,2,1,<e>,<b>,955,<e>,<b>,955,<e>,<b>,955,<e>,<e>
23749,<b>,2,4,2,1,<e>,<b>,2,1,2,1,<e>,<b>,4,2,1,<e>,<b>,2,1,<e>,<b>,2,1,<e>,<b>,2,1,2,1,2,1,<e>,<b>,2,1,<e>,<e>
23749,<b>,4,1,<e>,<b>,2,1,<e>,<b>,955,<e>,<b>,2,4,1,<e>,<b>,955,<e>,<b>,955,<e>,<b>,2,1,<e>,<e>
23749,<b>,2,1,<e>,<b>,2,1,<e>,<b>,955,<e>,<b>,955,<e>,<b>,955,<e>,<b>,955,<e>,<b>,955,<e>,<e>
23754,<b>,3,1,<e>,<b>,955,<e>,<b>,955,<e>,<b>,955,<e>,<b>,955,<e>,<b>,3,1,<e>,<b>,955,<e>,<e>
23760,<b>,3,2,3,2,1,<e>,<b>,3,4,2,1,<e>,<b>,3,2,1,<e>,<b>,2,1,<e>,<b>,2,1,<e>,<b>,3,4,3,2,1,<e>,<b>,3,4,3,2,3,2,1,<e>,<e>
23760,<b>,3,4,2,1,<e>,<b>,2,1,<e>,<b>,3,4,2,1,<e>,<b>,2,1,<e>,<b>,2,1,<e>,<b>,3,2,1,<e>,<b>,3,2,3,2,1,<e>,<e>
23760,<b>,3,4,3,2,1,<e>,<b>,3,3.0,2,2.0,1.0,<e>,<b>,3.0,2.0,2,1.0,<e>,<b>,2.0,2,1.0,<e>,<b>,955,<e>,<b>,955,<e>,<b>,955,<e>,<e>
23762,<b>,4,4,3,1,<e>,<b>,4,2,1,<e>,<b>,3,1,<e>,<b>,3,5,1,<e>,<b>,2,1,<e>,<b>,3,2,3,2,1,<e>,<b>,3,1,3,4,1,<e>,<e>
23762,<b>,3,4,1,<e>,<b>,3,2,3,1,<e>,<b>,955,<e>,<b>,955,<e>,<b>,955,<e>,<b>,3,1,<e>,<b>,4,1,2,1,<e>,<e>
23762,<b>,3,1,<e>,<b>,3,1,<e>,<b>,955,<e>,<b>,955,<e>,<b>,955,<e>,<b>,955,<e>,<b>,955,<e>,<e>
23763,<b>,3,2,1,<e>,<b>,3,1,<e>,<b>,955,<e>,<b>,3,2,5,4,1,<e>,<b>,2,3,1,<e>,<b>,3,1,<e>,<b>,3,4,2,1,<e>,<e>
23763,<b>,3,1,<e>,<b>,3,1,<e>,<b>,955,<e>,<b>,3,1,2,5,1,<e>,<b>,955,<e>,<b>,3,1,<e>,<b>,955,<e>,<e>
23763,<b>,2,3,1,<e>,<b>,3,1,<e>,<b>,3,2,1,<e>,<b>,3,2,5,1,<e>,<b>,955,<e>,<b>,955,<e>,<b>,955,<e>,<e>
23766,<b>,2,2,1,<e>,<b>,2,1,<e>,<b>,2,1,<e>,<b>,2,1,<e>,<b>,2,1,2,1,<e>,<b>,955,<e>,<b>,2,1,<e>,<e>
23766,<b>,2,1,<e>,<b>,955,<e>,<b>,5,2,5,1,<e>,<b>,5,2,1,<e>,<b>,2,1,<e>,<b>,2,1,<e>,<b>,2,1,<e>,<e>
23766,<b>,5,2,4,1,2,5,2,1,<e>,<b>,2,4,5,4,2,1,<e>,<b>,5,2,5,1,<e>,<b>,955,<e>,<b>,955,<e>,<b>,955,<e>,<b>,955,<e>,<e>
23767,<b>,3,2,1,<e>,<b>,3,2,1,<e>,<b>,955,<e>,<b>,955,<e>,<b>,2,5,2,1,<e>,<b>,3,2,1,<e>,<b>,3,1,<e>,<e>
23767,<b>,3,1,<e>,<b>,955,<e>,<b>,955,<e>,<b>,2,1,<e>,<b>,955,<e>,<b>,2,1,<e>,<b>,2,1,2,1,2,1,<e>,<e>
23767,<b>,3,1,<e>,<b>,955,<e>,<b>,955,<e>,<b>,955,<e>,<b>,955,<e>,<b>,955,<e>,<b>,955,<e>,<e>
23770,<b>,2,1,1,<e>,<b>,2,1,<e>,<b>,955,<e>,<b>,955,<e>,<b>,955,<e>,<b>,955,<e>,<b>,2,5,1,<e>,<e>
23770,<b>,5,1,<e>,<b>,955,<e>,<b>,955,<e>,<b>,5,2,1,<e>,<b>,3,1,<e>,<b>,5,1,<e>,<b>,4,1,2,1,<e>,<e>
23770,<b>,5,1,<e>,<b>,3,1,<e>,<b>,3,1,<e>,<b>,3,1,<e>,<b>,955,<e>,<b>,955,<e>,<b>,955,<e>,<e>
23772,<b>,5,5,1,<e>,<b>,5,2,5,2,1,<e>,<b>,5,1,<e>,<b>,5,2,1,<e>,<b>,2,1,<e>,<b>,2,1,<e>,<b>,955,<e>,<e>
23772,<b>,5,2,5,2,1,<e>,<b>,955,<e>,<b>,2,1,<e>,<b>,955,<e>,<b>,955,<e>,<b>,2,1,<e>,<b>,2,5,2,1,<e>,<e>
23772,<b>,5,2,1,<e>,<b>,2,5,1,<e>,<b>,955,<e>,<b>,5,2,1,<e>,<b>,955,<e>,<b>,955,<e>,<b>,955,<e>,<e>
23779,<b>,2,3,2,1,<e>,<b>,955,<e>,<b>,5,1,5,2,1,4,1,<e>,<b>,2,1,2,1,2,1,<e>,<b>,4,1,2,1,2,1,<e>,<b>,3,2,3,1,<e>,<b>,2,1,2,1,<e>,<e>
23779,<b>,2,3,4,3,2,1,<e>,<b>,2,5,1,2,1,<e>,<b>,2,1,<e>,<b>,5,1,2,1,2,1,<e>,<b>,955,<e>,<b>,2,3,1,<e>,<b>,2,3,1,2,1,<e>,<e>
23779,<b>,5,2,1,2,1,2,1,<e>,<b>,2,1,2,1,<e>,<b>,2,1,2,1,<e>,<b>,2,1,2,1,2,1,<e>,<b>,955,<e>,<b>,955,<e>,<b>,955,<e>,<e>
23783,<b>,5,1,<e>,<b>,2,1,4,1,<e>,<b>,5,3,1,<e>,<b>,2,1,2,4,2,1,<e>,<b>,2,1,<e>,<b>,3,1,<e>,<b>,2,1,<e>,<e>
23783,<b>,3,4,1,<e>,<b>,2,1,<e>,<b>,2,4,2,1,<e>,<b>,2,1,<e>,<b>,4,1,<e>,<b>,5,1,3,1,<e>,<b>,5,1,<e>,<e>
23783,<b>,3,1,<e>,<b>,3,1,<e>,<b>,5,2,1,<e>,<b>,4,1,<e>,<b>,955,<e>,<b>,955,<e>,<b>,955,<e>,<e>
23787,<b>,2,1,<e>,<b>,2,1,<e>,<b>,955,<e>,<b>,2,1,<e>,<b>,2,5,2,5,1,<e>,<b>,4,5,1,<e>,<b>,955,<e>,<e>
23787,<b>,5,1,<e>,<b>,2,1,<e>,<b>,955,<e>,<b>,955,<e>,<b>,2,1,2,1,<e>,<b>,2,1,<e>,<b>,4,1,<e>,<e>
23787,<b>,2,1,<e>,<b>,955,<e>,<b>,955,<e>,<b>,2,1,2,1,<e>,<b>,955,<e>,<b>,955,<e>,<b>,955,<e>,<e>
23788,<b>,3,1,<e>,<b>,3,1,2,1,<e>,<b>,3,1,<e>,<b>,2,1,<e>,<b>,955,<e>,<b>,3,1,<e>,<b>,3,1,<e>,<e>
23788,<b>,3,2,1,<e>,<b>,2,1,<e>,<b>,3,1,<e>,<b>,955,<e>,<b>,955,<e>,<b>,3,1,<e>,<b>,3,1,<e>,<e>
23788,<b>,3,1,<e>,<b>,955,<e>,<b>,3,1,<e>,<b>,955,<e>,<b>,955,<e>,<b>,955,<e>,<b>,955,<e>,<e>
23791,<b>,2,2,1,2,1,<e>,<b>,2,1,<e>,<b>,955,<e>,<b>,4,2,1,<e>,<b>,2,1,<e>,<b>,4,2,1,<e>,<b>,955,<e>,<e>
23791,<b>,4,5,2,1,<e>,<b>,955,<e>,<b>,2,4,2,1,<e>,<b>,2,1,<e>,<b>,955,<e>,<b>,2,1,<e>,<b>,2,1,<e>,<e>
23791,<b>,2,5,1,<e>,<b>,955,<e>,<b>,955,<e>,<b>,2,1,<e>,<b>,955,<e>,<b>,955,<e>,<b>,955,<e>,<e>
23792,<b>,3,1,<e>,<b>,3,1,<e>,<b>,3,1,<e>,<b>,5,1,<e>,<b>,5,1,<e>,<b>,3,1,<e>,<b>,3,1,<e>,<e>
23792,<b>,3,1,<e>,<b>,5,2,1,<e>,<b>,3,1,<e>,<b>,5,2,1,<e>,<b>,955,<e>,<b>,3,1,<e>,<b>,3,1,<e>,<e>
23792,<b>,3,1,<e>,<b>,3,1,<e>,<b>,3,1,<e>,<b>,5,1,<e>,<b>,955,<e>,<b>,955,<e>,<b>,955,<e>,<e>
23795,<b>,3,1,<e>,<b>,3,1,<e>,<b>,2,1,<e>,<b>,2,5,2,5,1,2,1,<e>,<b>,2,1,<e>,<b>,2,1,<e>,<b>,2,3,1,<e>,<e>
23795,<b>,3,2,1,<e>,<b>,2,1,<e>,<b>,2,1,<e>,<b>,2,1,2,1,<e>,<b>,2,1,<e>,<b>,2,1,<e>,<b>,2,3,2,1,<e>,<e>
23795,<b>,3,1,<e>,<b>,2,3,1,<e>,<b>,2,5,2,1,<e>,<b>,2,1,<e>,<b>,955,<e>,<b>,955,<e>,<b>,955,<e>,<e>
23796,<b>,2,1,<e>,<b>,2,1,<e>,<b>,2,1,<e>,<b>,2,1,<e>,<b>,2,1,<e>,<b>,2,1,<e>,<b>,955,<e>,<e>
23796,<b>,2,1,<e>,<b>,2,1,<e>,<b>,5,2,1,<e>,<b>,955,<e>,<b>,5,2,1,<e>,<b>,955,<e>,<b>,955,<e>,<e>
23796,<b>,2,1,<e>,<b>,955,<e>,<b>,955,<e>,<b>,955,<e>,<b>,955,<e>,<b>,955,<e>,<b>,955,<e>,<e>
23800,<b>,2,1,<e>,<b>,4,1,2,1,<e>,<b>,955,<e>,<b>,2,1,<e>,<b>,2,1,<e>,<b>,955,<e>,<b>,955,<e>,<e>
23800,<b>,2,1,<e>,<b>,955,<e>,<b>,955,<e>,<b>,955,<e>,<b>,955,<e>,<b>,955,<e>,<b>,2,1,2,1,<e>,<e>
23800,<b>,2,1,<e>,<b>,955,<e>,<b>,955,<e>,<b>,955,<e>,<b>,955,<e>,<b>,955,<e>,<b>,955,<e>,<e>
23805,<b>,3,1,2,1,<e>,<b>,3,2,1,<e>,<b>,3,1,<e>,<b>,2,5,2,1,<e>,<b>,2,1,<e>,<b>,3,1,<e>,<b>,3,1,<e>,<e>
23805,<b>,3,1,<e>,<b>,2,1,<e>,<b>,2,1,<e>,<b>,2,1,<e>,<b>,955,<e>,<b>,3,1,<e>,<b>,955,<e>,<e>
23805,<b>,3,1,<e>,<b>,3,1,<e>,<b>,3,1,<e>,<b>,2,1,<e>,<b>,955,<e>,<b>,955,<e>,<b>,955,<e>,<e>
23806,<b>,3,5,1,<e>,<b>,3,1,<e>,<b>,955,<e>,<b>,3,2,1,<e>,<b>,2,1,<e>,<b>,3,4,1,<e>,<b>,4,3,2,1,<e>,<e>
23806,<b>,3,2,1,<e>,<b>,3,2,1,<e>,<b>,3,2,1,<e>,<b>,3,5,4,3,2,1,<e>,<b>,3,4,1,<e>,<b>,4,5,2,3,2,1,<e>,<b>,955,<e>,<e>
23807,<b>,2,1,<e>,<b>,3,1,<e>,<b>,3,1,<e>,<b>,2,1,<e>,<b>,2,1,2,1,<e>,<b>,5,1,<e>,<b>,5,4,1,<e>,<e>
23807,<b>,5,1,<e>,<b>,5,1,<e>,<b>,3,1,<e>,<b>,2,1,<e>,<b>,2,1,<e>,<b>,5,1,<e>,<b>,5,1,<e>,<e>
23807,<b>,5,1,<e>,<b>,3,1,<e>,<b>,3,1,<e>,<b>,2,1,<e>,<b>,955,<e>,<b>,955,<e>,<b>,955,<e>,<e>
23811,<b>,3,1,<e>,<b>,3,1,<e>,<b>,955,<e>,<b>,2,1,<e>,<b>,3,1,<e>,<b>,3,1,<e>,<b>,3,1,<e>,<e>
23811,<b>,3,1,<e>,<b>,955,<e>,<b>,3,1,<e>,<b>,3,1,<e>,<b>,3,1,<e>,<b>,955,<e>,<b>,955,<e>,<e>
23811,<b>,3,1,<e>,<b>,955,<e>,<b>,955,<e>,<b>,955,<e>,<b>,955,<e>,<b>,955,<e>,<b>,955,<e>,<e>
23812,<b>,2,3,2,1,<e>,<b>,3,2,1,<e>,<b>,3,2,1,<e>,<b>,2,1,<e>,<b>,2,1,<e>,<b>,3,4,2,3,2,1,<e>,<b>,955,<e>,<e>
23812,<b>,2,1,2,1,<e>,<b>,2,1,<e>,<b>,955,<e>,<b>,955,<e>,<b>,955,<e>,<b>,3,2,1,<e>,<b>,3,2,1,<e>,<e>
23812,<b>,3,2,1,<e>,<b>,4,2,4,2,4,2,1,<e>,<b>,3,4,2,1,<e>,<b>,955,<e>,<b>,955,<e>,<b>,955,<e>,<b>,955,<e>,<e>
23813,<b>,3,5,1,<e>,<b>,3,5,1,<e>,<b>,5,1,<e>,<b>,5,1,<e>,<b>,5,1,<e>,<b>,3,5,1,<e>,<b>,3,5,1,<e>,<e>
23813,<b>,3,5,1,<e>,<b>,5,2,1,<e>,<b>,955,<e>,<b>,5,1,<e>,<b>,5,1,<e>,<b>,3,5,1,<e>,<b>,955,<e>,<e>
23813,<b>,3,1,<e>,<b>,5,1,<e>,<b>,955,<e>,<b>,955,<e>,<b>,955,<e>,<b>,955,<e>,<b>,955,<e>,<e>
23821,<b>,3,2,3,1,<e>,<b>,3,2,3,1,<e>,<b>,3,2,3,1,<e>,<b>,3,2,3,1,<e>,<b>,2,1,<e>,<b>,3,2,3,1,<e>,<b>,3,2,3,1,<e>,<e>
23821,<b>,5,2,1,<e>,<b>,955,<e>,<b>,3,2,3,1,<e>,<b>,955,<e>,<b>,2,1,<e>,<b>,3,2,3,1,<e>,<b>,3,2,3,1,<e>,<e>
23821,<b>,3,4,3,1,<e>,<b>,3,1,<e>,<b>,3,2,3,2,1,<e>,<b>,955,<e>,<b>,955,<e>,<b>,955,<e>,<b>,955,<e>,<e>
23823,<b>,5,1,<e>,<b>,5,2,3,1,<e>,<b>,3,1,<e>,<b>,3,2,1,<e>,<b>,3,1,<e>,<b>,3,1,<e>,<b>,3,4,1,<e>,<e>
23823,<b>,3,1,<e>,<b>,3,2,3,1,<e>,<b>,3,1,<e>,<b>,3,5,1,<e>,<b>,3,4,1,<e>,<b>,3,2,1,<e>,<b>,3,1,<e>,<e>
23827,<b>,3,4,1,<e>,<b>,5,1,2,1,<e>,<b>,3,1,<e>,<b>,5,2,1,<e>,<b>,955,<e>,<b>,955,<e>,<b>,4,1,<e>,<e>
23827,<b>,3,4,3,1,<e>,<b>,5,1,<e>,<b>,955,<e>,<b>,955,<e>,<b>,955,<e>,<b>,2,5,2,1,<e>,<b>,3,5,2,4,2,1,<e>,<e>
23827,<b>,3,2,1,<e>,<b>,3,4,3,2,3,1,<e>,<b>,2,1,<e>,<b>,955,<e>,<b>,955,<e>,<b>,955,<e>,<b>,955,<e>,<e>
23829,<b>,3,1,<e>,<b>,3,2,1,<e>,<b>,955,<e>,<b>,955,<e>,<b>,955,<e>,<b>,3,2,1,<e>,<b>,955,<e>,<e>
23829,<b>,2,1,<e>,<b>,955,<e>,<b>,955,<e>,<b>,955,<e>,<b>,955,<e>,<b>,955,<e>,<b>,955,<e>,<e>
23832,<b>,3,1,<e>,<b>,955,<e>,<b>,3,2,1,<e>,<b>,955,<e>,<b>,2,1,<e>,<b>,3,1,<e>,<b>,3,1,<e>,<e>
23832,<b>,3,1,<e>,<b>,2,1,<e>,<b>,955,<e>,<b>,955,<e>,<b>,2,1,<e>,<b>,955,<e>,<b>,3,2,1,<e>,<e>
23832,<b>,3,1,<e>,<b>,3,1,<e>,<b>,3,1,<e>,<b>,955,<e>,<b>,955,<e>,<b>,955,<e>,<b>,955,<e>,<e>
23835,<b>,3,1,<e>,<b>,3,1,2,1,<e>,<b>,3,1,2,1,<e>,<b>,2,1,2,1,<e>,<b>,2,1,2,1,2,1,<e>,<b>,955,<e>,<b>,3,1,2,1,<e>,<e>
23835,<b>,3,1,<e>,<b>,2,1,<e>,<b>,3,1,<e>,<b>,2,1,2,1,<e>,<b>,2,1,<e>,<b>,2,1,<e>,<b>,3,1,<e>,<e>
23835,<b>,3,2,1,<e>,<b>,3,1,<e>,<b>,3,1,<e>,<b>,955,<e>,<b>,955,<e>,<b>,955,<e>,<b>,955,<e>,<e>
23836,<b>,3,4,4,1,<e>,<b>,4,1,<e>,<b>,955,<e>,<b>,2,1,<e>,<b>,2,1,<e>,<b>,3,4,1,<e>,<b>,4,1,<e>,<e>
23836,<b>,4,1,<e>,<b>,3,4,1,<e>,<b>,4,2,4,1,<e>,<b>,955,<e>,<b>,5,1,2,1,2,1,<e>,<b>,3,4,1,<e>,<b>,4,1,<e>,<e>
23836,<b>,3,4,2,1,<e>,<b>,4,1,<e>,<b>,955,<e>,<b>,955,<e>,<b>,955,<e>,<b>,955,<e>,<b>,955,<e>,<e>
23839,<b>,3,1,<e>,<b>,3,1,<e>,<b>,3,2,1,<e>,<b>,3,1,<e>,<b>,3,1,<e>,<b>,3,2,1,<e>,<b>,3,2,1,<e>,<e>
23839,<b>,3,2,1,<e>,<b>,3,1,<e>,<b>,2,1,<e>,<b>,3,2,1,<e>,<b>,3,1,<e>,<b>,3,4,2,1,<e>,<b>,3,1,<e>,<e>
23839,<b>,3,1,<e>,<b>,3,1,<e>,<b>,3,2,1,<e>,<b>,3,2,1,<e>,<b>,955,<e>,<b>,955,<e>,<b>,955,<e>,<e>
23841,<b>,3,2,1,<e>,<b>,2,1,<e>,<b>,955,<e>,<b>,2,1,<e>,<b>,2,1,<e>,<b>,2,1,<e>,<b>,955,<e>,<e>
23841,<b>,3,2,1,<e>,<b>,2,1,<e>,<b>,2,1,<e>,<b>,2,1,<e>,<b>,2,1,<e>,<b>,2,1,2,1,<e>,<b>,2,1,<e>,<e>
23841,<b>,2,1,<e>,<b>,955,<e>,<b>,2,1,<e>,<b>,955,<e>,<b>,955,<e>,<b>,955,<e>,<b>,955,<e>,<e>
23842,<b>,3,1,<e>,<b>,3,1,<e>,<b>,955,<e>,<b>,3,2,1,<e>,<b>,3,1,<e>,<b>,3,1,<e>,<b>,2,1,<e>,<e>
23842,<b>,2,1,<e>,<b>,3,2,1,<e>,<b>,3,1,<e>,<b>,5,1,2,1,<e>,<b>,3,1,<e>,<b>,3,1,<e>,<b>,3,1,<e>,<e>
23842,<b>,2,1,<e>,<b>,3,1,<e>,<b>,3,2,1,<e>,<b>,3,2,1,<e>,<b>,955,<e>,<b>,955,<e>,<b>,955,<e>,<e>
23845,<b>,4,1,<e>,<b>,3,2,1,<e>,<b>,3,1,<e>,<b>,955,<e>,<b>,955,<e>,<b>,3,1,<e>,<b>,3,4,1,<e>,<e>
23845,<b>,3,4,1,<e>,<b>,2,4,2,1,2,1,<e>,<b>,3,1,<e>,<b>,2,1,<e>,<b>,2,1,2,1,<e>,<b>,3,4,1,<e>,<b>,3,1,<e>,<e>
23845,<b>,3,4,5,1,<e>,<b>,3,1,<e>,<b>,3,1,<e>,<b>,2,1,<e>,<b>,955,<e>,<b>,955,<e>,<b>,955,<e>,<e>
23847,<b>,3,4,1,<e>,<b>,5,1,<e>,<b>,3,1,<e>,<b>,2,1,<e>,<b>,2,5,1,<e>,<b>,3,4,1,<e>,<b>,955,<e>,<e>
23847,<b>,2,5,1,<e>,<b>,2,1,<e>,<b>,955,<e>,<b>,2,1,<e>,<b>,4,5,2,1,<e>,<b>,3,4,3,4,2,1,<e>,<b>,4,1,<e>,<e>
23847,<b>,2,1,<e>,<b>,955,<e>,<b>,955,<e>,<b>,955,<e>,<b>,955,<e>,<b>,955,<e>,<b>,955,<e>,<e>
23853,<b>,2,1,<e>,<b>,3,1,<e>,<b>,3,1,<e>,<b>,3,1,<e>,<b>,2,1,<e>,<b>,3,1,<e>,<b>,2,1,<e>,<e>
23853,<b>,2,1,<e>,<b>,5,1,<e>,<b>,2,1,<e>,<b>,955,<e>,<b>,3,1,<e>,<b>,2,1,<e>,<b>,2,1,2,1,<e>,<e>
23853,<b>,3,1,<e>,<b>,3,1,<e>,<b>,955,<e>,<b>,955,<e>,<b>,955,<e>,<b>,955,<e>,<b>,955,<e>,<e>
23855,<b>,5,1,3,1,2,1,<e>,<b>,5,1,2,5,1,5,2,5,1,<e>,<b>,5,1,5,1,5,2,1,<e>,<b>,3,2,1,<e>,<b>,3,2,1,<e>,<b>,5,1,3,4,3,1,<e>,<b>,3,1,<e>,<e>
23855,<b>,5,1,5,2,5,1,5,1,<e>,<b>,3,2,1,<e>,<b>,3,1,<e>,<b>,2,1,2,1,2,1,2,1,<e>,<b>,2,1,<e>,<b>,3,1,<e>,<b>,5,1,3,4,3,1,<e>,<e>
23855,<b>,5,1,3,1,<e>,<b>,5,1,3,1,<e>,<b>,5,1,3,1,<e>,<b>,3,2,1,<e>,<b>,955,<e>,<b>,955,<e>,<b>,955,<e>,<e>
23856,<b>,3,1,<e>,<b>,3,1,<e>,<b>,5,2,1,<e>,<b>,3,1,<e>,<b>,955,<e>,<b>,955,<e>,<b>,3,1,<e>,<e>
23856,<b>,4,1,<e>,<b>,3,1,<e>,<b>,4,3,1,<e>,<b>,4,3,1,<e>,<b>,4,1,<e>,<b>,955,<e>,<b>,955,<e>,<e>
23856,<b>,3,1,<e>,<b>,3,1,<e>,<b>,3,1,<e>,<b>,955,<e>,<b>,955,<e>,<b>,955,<e>,<b>,955,<e>,<e>
23860,<b>,3,2,1,<e>,<b>,2,1,<e>,<b>,955,<e>,<b>,4,2,4,2,1,2,1,<e>,<b>,2,1,2,1,<e>,<b>,4,2,5,1,<e>,<b>,3,5,1,2,1,<e>,<e>
23860,<b>,3,2,5,2,1,<e>,<b>,5,1,<e>,<b>,4,2,1,<e>,<b>,2,5,1,<e>,<b>,2,5,1,<e>,<b>,4,5,4,2,1,<e>,<b>,5,1,<e>,<e>
23860,<b>,4,1,<e>,<b>,2,1,4,1,<e>,<b>,4,1,<e>,<b>,955,<e>,<b>,955,<e>,<b>,955,<e>,<b>,955,<e>,<e>
23861,<b>,3,1,2,1,<e>,<b>,3,1,<e>,<b>,3,5,1,<e>,<b>,5,1,<e>,<b>,955,<e>,<b>,3,1,2,1,<e>,<b>,3,1,<e>,<e>
23861,<b>,3,5,2,1,<e>,<b>,955,<e>,<b>,5,1,<e>,<b>,5,1,<e>,<b>,5,1,<e>,<b>,3,2,1,<e>,<b>,3,5,1,<e>,<e>
23861,<b>,3,5,1,<e>,<b>,3,5,1,<e>,<b>,955,<e>,<b>,955,<e>,<b>,955,<e>,<b>,955,<e>,<b>,955,<e>,<e>
23863,<b>,3,1,<e>,<b>,955,<e>,<b>,3,2,1,<e>,<b>,2,1,<e>,<b>,2,1,<e>,<b>,3,2,1,<e>,<b>,3,1,<e>,<e>
23863,<b>,2,1,<e>,<b>,2,1,<e>,<b>,3,1,<e>,<b>,955,<e>,<b>,2,1,<e>,<b>,3,2,1,<e>,<b>,3,1,<e>,<e>
23863,<b>,3,1,<e>,<b>,3,1,<e>,<b>,955,<e>,<b>,955,<e>,<b>,955,<e>,<b>,955,<e>,<b>,955,<e>,<e>
23864,<b>,3,1,<e>,<b>,4,2,1,<e>,<b>,2,1,<e>,<b>,3,1,<e>,<b>,3,4,1,<e>,<b>,2,1,<e>,<b>,4,1,2,1,<e>,<e>
23864,<b>,4,2,1,2,1,<e>,<b>,3,4,1,<e>,<b>,2,1,<e>,<b>,3,1,<e>,<b>,3,1,<e>,<b>,2,1,<e>,<b>,4,1,<e>,<e>
23864,<b>,4,1,<e>,<b>,4,1,<e>,<b>,2,3,2,1,<e>,<b>,3,1,<e>,<b>,955,<e>,<b>,955,<e>,<b>,955,<e>,<e>
23865,<b>,3,2,1,2,1,<e>,<b>,3,2,1,<e>,<b>,3,2,1,<e>,<b>,2,1,<e>,<b>,2,5,2,1,<e>,<b>,3,2,1,2,1,<e>,<b>,3,4,2,1,<e>,<e>
23865,<b>,3,2,1,<e>,<b>,955,<e>,<b>,3,2,1,<e>,<b>,4,2,1,<e>,<b>,4,2,1,<e>,<b>,3,2,1,<e>,<b>,3,2,1,<e>,<e>
23865,<b>,3,2,1,2,1,<e>,<b>,3,2,1,<e>,<b>,3,1,2,1,<e>,<b>,4,2,1,<e>,<b>,955,<e>,<b>,955,<e>,<b>,955,<e>,<e>
23867,<b>,3,2,2,1,<e>,<b>,955,<e>,<b>,3,2,1,<e>,<b>,2,1,<e>,<b>,2,1,<e>,<b>,3,2,3,4,2,3,2,1,<e>,<b>,955,<e>,<e>
23867,<b>,2,1,<e>,<b>,3,2,1,<e>,<b>,955,<e>,<b>,955,<e>,<b>,2,1,2,1,<e>,<b>,3,2,3,2,1,<e>,<b>,5,1,<e>,<e>
23867,<b>,3,2,3,2,1,<e>,<b>,3,2,3,1,2,1,2,1,<e>,<b>,2,1,2,1,<e>,<b>,955,<e>,<b>,955,<e>,<b>,955,<e>,<b>,955,<e>,<e>
23869,<b>,3,2,1,<e>,<b>,955,<e>,<b>,3,1,3,1,<e>,<b>,2,1,<e>,<b>,955,<e>,<b>,3,1,<e>,<b>,955,<e>,<e>
23869,<b>,3,1,<e>,<b>,2,1,<e>,<b>,3,1,<e>,<b>,2,1,<e>,<b>,955,<e>,<b>,3,1,<e>,<b>,955,<e>,<e>
23869,<b>,3,1,<e>,<b>,3,1,<e>,<b>,955,<e>,<b>,2,1,<e>,<b>,955,<e>,<b>,955,<e>,<b>,955,<e>,<e>
23608,<b>,2,1,2,1,<e>,<b>,3,2,1,<e>,<b>,5,1,3,5,2,5,2,1,<e>,<b>,2,5,1,<e>,<b>,3,5,3,5,3,1,<e>,<b>,5,3,5,1,<e>,<b>,5,2,1,3,1,<e>,<e>
23608,<b>,3,2,3,2,1,<e>,<b>,955,<e>,<b>,955,<e>,<b>,955,<e>,<b>,955,<e>,<b>,5,1,3,4,2,3,1,<e>,<b>,955,<e>,<e>
23608,<b>,2,1,<e>,<b>,3,2,3,1,2,1,<e>,<b>,955,<e>,<b>,955,<e>,<b>,955,<e>,<b>,955,<e>,<b>,955,<e>,<e>
23611,<b>,2,1,<e>,<b>,2,1,<e>,<b>,2,1,<e>,<b>,2,1,<e>,<b>,3,1,<e>,<b>,955,<e>,<b>,955,<e>,<e>
23611,<b>,2,1,<e>,<b>,3,1,<e>,<b>,2,1,<e>,<b>,2,1,<e>,<b>,3,2,3,2,1,<e>,<b>,2,4,1,<e>,<b>,2,1,<e>,<e>
23611,<b>,4,2,4,2,1,<e>,<b>,4,2,4,1,<e>,<b>,955,<e>,<b>,955,<e>,<b>,955,<e>,<b>,955,<e>,<b>,955,<e>,<e>
23613,<b>,3,2,1,<e>,<b>,4,1,2,1,<e>,<b>,3,1,<e>,<b>,3,2,1,<e>,<b>,3,4,1,<e>,<b>,3,2,1,<e>,<b>,3,1,<e>,<e>
23613,<b>,3,2,1,<e>,<b>,3,1,<e>,<b>,3,1,<e>,<b>,3,2,1,<e>,<b>,3,2,4,1,<e>,<b>,3,2,1,<e>,<b>,955,<e>,<e>
23613,<b>,3,2,1,<e>,<b>,955,<e>,<b>,955,<e>,<b>,955,<e>,<b>,955,<e>,<b>,955,<e>,<b>,955,<e>,<e>
23627,<b>,4,2,2,1,<e>,<b>,4,3,1,<e>,<b>,4,1,<e>,<b>,4,1,<e>,<b>,2,1,<e>,<b>,2,1,<e>,<b>,2,1,<e>,<e>
23627,<b>,2,1,<e>,<b>,2,1,<e>,<b>,2,1,4,1,<e>,<b>,3,1,<e>,<b>,2,1,<e>,<b>,4,1,<e>,<b>,2,1,<e>,<e>
23633,<b>,4,1,<e>,<b>,955,<e>,<b>,2,1,<e>,<b>,2,1,<e>,<b>,3,4,3,1,<e>,<b>,955,<e>,<b>,3,1,<e>,<e>
23633,<b>,3,4,3,1,<e>,<b>,955,<e>,<b>,2,1,2,1,<e>,<b>,955,<e>,<b>,955,<e>,<b>,955,<e>,<b>,955,<e>,<e>
23633,<b>,2,1,<e>,<b>,955,<e>,<b>,955,<e>,<b>,955,<e>,<b>,955,<e>,<b>,955,<e>,<b>,955,<e>,<e>
23647,<b>,2,1,5,1,<e>,<b>,5,1,<e>,<b>,5,1,<e>,<b>,2,1,2,1,<e>,<b>,2,1,<e>,<b>,2,1,5,1,<e>,<b>,2,5,1,<e>,<e>
23647,<b>,2,1,<e>,<b>,2,1,<e>,<b>,955,<e>,<b>,5,2,1,3,2,1,<e>,<b>,2,1,<e>,<b>,955,<e>,<b>,2,1,<e>,<e>
23647,<b>,5,2,1,<e>,<b>,955,<e>,<b>,955,<e>,<b>,955,<e>,<b>,955,<e>,<b>,955,<e>,<b>,955,<e>,<e>
23658,<b>,3,1,<e>,<b>,3,1,<e>,<b>,3,1,<e>,<b>,3,1,<e>,<b>,3,1,<e>,<b>,5,3,1,<e>,<b>,1,2,3,1,<e>,<e>
23658,<b>,2,1,<e>,<b>,3,2,1,<e>,<b>,3,1,<e>,<b>,3,1,<e>,<b>,955,<e>,<b>,3,1,<e>,<b>,3,1,<e>,<e>
23658,<b>,2,3,1,<e>,<b>,955,<e>,<b>,955,<e>,<b>,955,<e>,<b>,955,<e>,<b>,955,<e>,<b>,955,<e>,<e>
23662,<b>,4,4,1,<e>,<b>,3,4,3,1,<e>,<b>,955,<e>,<b>,955,<e>,<b>,3,1,<e>,<b>,5,3,4,1,<e>,<b>,955,<e>,<e>
23662,<b>,2,3,1,<e>,<b>,2,3,4,1,<e>,<b>,955,<e>,<b>,2,3,1,<e>,<b>,955,<e>,<b>,955,<e>,<b>,3,1,<e>,<e>
23662,<b>,2,4,1,<e>,<b>,955,<e>,<b>,955,<e>,<b>,955,<e>,<b>,955,<e>,<b>,955,<e>,<b>,955,<e>,<e>
23672,<b>,3,2,3,1,<e>,<b>,3,1,2,1,<e>,<b>,2,1,<e>,<b>,2,1,2,1,<e>,<b>,3,2,1,<e>,<b>,3,1,<e>,<b>,955,<e>,<e>
23672,<b>,2,1,<e>,<b>,3,2,1,<e>,<b>,2,1,<e>,<b>,5,4,2,1,2,1,<e>,<b>,3,1,<e>,<b>,3,2,1,<e>,<b>,5,3,2,1,<e>,<e>
23672,<b>,3,2,1,<e>,<b>,3,1,<e>,<b>,5,1,2,4,1,<e>,<b>,955,<e>,<b>,955,<e>,<b>,955,<e>,<b>,955,<e>,<e>
23678,<b>,2,4,1,<e>,<b>,4,2,1,<e>,<b>,2,1,<e>,<b>,2,1,<e>,<b>,955,<e>,<b>,955,<e>,<b>,955,<e>,<e>
23678,<b>,2,1,<e>,<b>,2,4,1,<e>,<b>,4,2,4,1,<e>,<b>,955,<e>,<b>,955,<e>,<b>,4,1,<e>,<b>,955,<e>,<e>
23690,<b>,3,2,1,<e>,<b>,3,1,<e>,<b>,955,<e>,<b>,955,<e>,<b>,3,1,<e>,<b>,3,1,<e>,<b>,5,1,<e>,<e>
23690,<b>,5,1,<e>,<b>,3,2,1,<e>,<b>,3,2,1,<e>,<b>,3,1,<e>,<b>,3,1,<e>,<b>,2,1,<e>,<b>,955,<e>,<e>
23697,<b>,3,1,1,<e>,<b>,3,2,1,<e>,<b>,2,1,2,1,<e>,<b>,2,1,2,1,<e>,<b>,3,1,<e>,<b>,3,1,<e>,<b>,3,1,2,1,<e>,<e>
23697,<b>,2,1,2,3,2,1,<e>,<b>,3,1,<e>,<b>,2,1,2,1,5,1,2,1,<e>,<b>,2,1,<e>,<b>,3,1,<e>,<b>,3,1,<e>,<b>,3,1,<e>,<e>
23697,<b>,3,1,<e>,<b>,3,2,1,<e>,<b>,2,1,<e>,<b>,955,<e>,<b>,955,<e>,<b>,955,<e>,<b>,955,<e>,<e>
23698,<b>,3,2,1,<e>,<b>,3,2,5,1,<e>,<b>,955,<e>,<b>,2,1,<e>,<b>,3,2,1,<e>,<b>,3,2,1,<e>,<b>,3,2,1,<e>,<e>
23698,<b>,2,1,<e>,<b>,3,1,<e>,<b>,2,1,<e>,<b>,2,1,<e>,<b>,3,1,<e>,<b>,3,2,1,<e>,<b>,3,1,<e>,<e>
23698,<b>,3,1,<e>,<b>,3,1,<e>,<b>,955,<e>,<b>,955,<e>,<b>,955,<e>,<b>,955,<e>,<b>,955,<e>,<e>
23699,<b>,5,3,4,1,<e>,<b>,5,2,1,<e>,<b>,5,3,4,1,<e>,<b>,3,4,1,<e>,<b>,5,3,4,1,<e>,<b>,2,1,<e>,<b>,3,4,1,<e>,<e>
23699,<b>,3,4,1,<e>,<b>,5,3,4,1,<e>,<b>,3,4,1,<e>,<b>,3,4,1,<e>,<b>,3,4,1,<e>,<b>,2,1,<e>,<b>,3,4,1,<e>,<e>
23699,<b>,3,4,1,<e>,<b>,5,1,3,4,1,<e>,<b>,2,1,<e>,<b>,955,<e>,<b>,955,<e>,<b>,955,<e>,<b>,955,<e>,<e>
23732,<b>,3,1,<e>,<b>,955,<e>,<b>,955,<e>,<b>,955,<e>,<b>,955,<e>,<b>,4,1,<e>,<b>,955,<e>,<e>
23732,<b>,2,1,<e>,<b>,4,1,<e>,<b>,955,<e>,<b>,955,<e>,<b>,3,1,<e>,<b>,3,1,<e>,<b>,955,<e>,<e>
23732,<b>,3,1,<e>,<b>,3,1,<e>,<b>,955,<e>,<b>,955,<e>,<b>,955,<e>,<b>,955,<e>,<b>,955,<e>,<e>
23743,<b>,3,1,<e>,<b>,955,<e>,<b>,955,<e>,<b>,955,<e>,<b>,955,<e>,<b>,955,<e>,<b>,955,<e>,<e>
23750,<b>,3,1,<e>,<b>,3,2,1,<e>,<b>,2,1,<e>,<b>,2,1,<e>,<b>,3,1,5,1,<e>,<b>,2,1,<e>,<b>,3,1,<e>,<e>
23750,<b>,2,1,<e>,<b>,955,<e>,<b>,3,2,1,<e>,<b>,955,<e>,<b>,3,2,1,<e>,<b>,955,<e>,<b>,955,<e>,<e>
23750,<b>,2,1,<e>,<b>,955,<e>,<b>,955,<e>,<b>,955,<e>,<b>,955,<e>,<b>,955,<e>,<b>,955,<e>,<e>
23751,<b>,3,1,<e>,<b>,3,1,<e>,<b>,4,3,1,<e>,<b>,5,1,<e>,<b>,955,<e>,<b>,3,4,1,<e>,<b>,955,<e>,<e>
23751,<b>,2,1,<e>,<b>,3,1,<e>,<b>,5,1,<e>,<b>,955,<e>,<b>,2,1,<e>,<b>,3,1,<e>,<b>,955,<e>,<e>
23751,<b>,3,1,<e>,<b>,4,1,<e>,<b>,955,<e>,<b>,955,<e>,<b>,955,<e>,<b>,955,<e>,<b>,955,<e>,<e>
23752,<b>,2,1,<e>,<b>,4,1,<e>,<b>,2,1,<e>,<b>,2,1,<e>,<b>,3,2,3,1,<e>,<b>,4,1,<e>,<b>,3,1,<e>,<e>
23752,<b>,5,2,1,<e>,<b>,4,2,1,<e>,<b>,2,1,<e>,<b>,5,1,<e>,<b>,3,1,<e>,<b>,955,<e>,<b>,3,2,3,4,2,1,<e>,<e>
23752,<b>,2,1,<e>,<b>,955,<e>,<b>,955,<e>,<b>,955,<e>,<b>,955,<e>,<b>,955,<e>,<b>,955,<e>,<e>
23753,<b>,3,1,<e>,<b>,955,<e>,<b>,3,1,<e>,<b>,3,1,<e>,<b>,5,1,<e>,<b>,955,<e>,<b>,3,4,1,<e>,<e>
23753,<b>,3,4,1,<e>,<b>,4,1,<e>,<b>,3,1,<e>,<b>,3,1,<e>,<b>,955,<e>,<b>,955,<e>,<b>,3,1,<e>,<e>
23753,<b>,3,1,<e>,<b>,3,1,<e>,<b>,3,2,3,1,<e>,<b>,955,<e>,<b>,955,<e>,<b>,955,<e>,<b>,955,<e>,<e>
23755,<b>,5,1,<e>,<b>,2,1,<e>,<b>,5,2,1,<e>,<b>,2,1,<e>,<b>,955,<e>,<b>,955,<e>,<b>,2,1,<e>,<e>
23755,<b>,5,1,<e>,<b>,955,<e>,<b>,955,<e>,<b>,955,<e>,<b>,3,2,1,<e>,<b>,955,<e>,<b>,955,<e>,<e>
23759,<b>,3,1,<e>,<b>,955,<e>,<b>,4,1,<e>,<b>,4,1,<e>,<b>,955,<e>,<b>,955,<e>,<b>,955,<e>,<e>
23759,<b>,4,1,<e>,<b>,2,1,<e>,<b>,955,<e>,<b>,955,<e>,<b>,955,<e>,<b>,955,<e>,<b>,955,<e>,<e>
23759,<b>,4,1,<e>,<b>,955,<e>,<b>,955,<e>,<b>,955,<e>,<b>,955,<e>,<b>,955,<e>,<b>,955,<e>,<e>
23761,<b>,3,2,1,<e>,<b>,5,3,1,<e>,<b>,3,1,<e>,<b>,2,1,<e>,<b>,3,1,<e>,<b>,3,1,<e>,<b>,3,1,<e>,<e>
23761,<b>,3,1,<e>,<b>,2,1,<e>,<b>,955,<e>,<b>,2,1,<e>,<b>,955,<e>,<b>,3,4,3,1,<e>,<b>,3,1,<e>,<e>
23761,<b>,3,4,3,1,<e>,<b>,3,1,<e>,<b>,955,<e>,<b>,955,<e>,<b>,955,<e>,<b>,955,<e>,<b>,955,<e>,<e>
23764,<b>,3,1,<e>,<b>,3,1,<e>,<b>,2,1,<e>,<b>,2,1,<e>,<b>,955,<e>,<b>,3,1,<e>,<b>,3,1,<e>,<e>
23764,<b>,3,1,<e>,<b>,955,<e>,<b>,955,<e>,<b>,3,1,<e>,<b>,3,1,<e>,<b>,3,1,<e>,<b>,3,1,<e>,<e>
23764,<b>,3,1,<e>,<b>,955,<e>,<b>,955,<e>,<b>,955,<e>,<b>,955,<e>,<b>,955,<e>,<b>,955,<e>,<e>
23769,<b>,3,4,2,1,<e>,<b>,3,2,1,<e>,<b>,5,1,2,1,<e>,<b>,2,1,<e>,<b>,955,<e>,<b>,3,2,1,<e>,<b>,3,4,3,2,1,<e>,<e>
23769,<b>,3,2,1,<e>,<b>,3,1,2,1,<e>,<b>,955,<e>,<b>,2,1,<e>,<b>,3,4,3,2,1,<e>,<b>,3,1,2,1,<e>,<b>,3,2,1,<e>,<e>
23769,<b>,3,2,1,<e>,<b>,955,<e>,<b>,955,<e>,<b>,955,<e>,<b>,955,<e>,<b>,955,<e>,<b>,955,<e>,<e>
23773,<b>,2,2,1,<e>,<b>,955,<e>,<b>,955,<e>,<b>,955,<e>,<b>,955,<e>,<b>,955,<e>,<b>,955,<e>,<e>
23773,<b>,3,1,<e>,<b>,955,<e>,<b>,2,1,<e>,<b>,955,<e>,<b>,955,<e>,<b>,955,<e>,<b>,5,2,1,5,2,1,<e>,<e>
23776,<b>,4,3,1,<e>,<b>,955,<e>,<b>,5,1,<e>,<b>,2,1,<e>,<b>,3,1,<e>,<b>,955,<e>,<b>,955,<e>,<e>
23776,<b>,2,1,<e>,<b>,2,5,1,<e>,<b>,2,1,<e>,<b>,2,1,<e>,<b>,3,1,<e>,<b>,955,<e>,<b>,955,<e>,<e>
23776,<b>,3,2,1,<e>,<b>,3,1,<e>,<b>,955,<e>,<b>,955,<e>,<b>,955,<e>,<b>,955,<e>,<b>,955,<e>,<e>
23784,<b>,2,1,<e>,<b>,3,2,1,<e>,<b>,955,<e>,<b>,955,<e>,<b>,2,1,<e>,<b>,3,5,2,1,<e>,<b>,955,<e>,<e>
23784,<b>,2,1,<e>,<b>,2,1,<e>,<b>,2,5,2,1,<e>,<b>,2,1,<e>,<b>,2,1,<e>,<b>,3,2,1,<e>,<b>,4,1,<e>,<e>
23784,<b>,2,1,<e>,<b>,3,2,1,<e>,<b>,2,1,<e>,<b>,955,<e>,<b>,955,<e>,<b>,955,<e>,<b>,955,<e>,<e>
23804,<b>,4,4,1,<e>,<b>,2,1,<e>,<b>,2,1,<e>,<b>,955,<e>,<b>,955,<e>,<b>,2,1,<e>,<b>,2,1,<e>,<e>
23804,<b>,2,1,<e>,<b>,2,1,<e>,<b>,955,<e>,<b>,955,<e>,<b>,955,<e>,<b>,955,<e>,<b>,955,<e>,<e>
23817,<b>,3,4,3,1,<e>,<b>,3,1,<e>,<b>,4,1,<e>,<b>,4,1,<e>,<b>,5,1,<e>,<b>,955,<e>,<b>,4,2,4,3,1,<e>,<e>
23817,<b>,5,1,<e>,<b>,4,3,1,<e>,<b>,4,1,<e>,<b>,4,1,<e>,<b>,5,1,<e>,<b>,5,1,<e>,<b>,4,3,4,3,1,<e>,<e>
23817,<b>,3,1,<e>,<b>,3,1,<e>,<b>,955,<e>,<b>,955,<e>,<b>,955,<e>,<b>,955,<e>,<b>,955,<e>,<e>
23819,<b>,3,2,1,<e>,<b>,3,1,<e>,<b>,2,1,<e>,<b>,2,1,<e>,<b>,3,1,<e>,<b>,3,4,1,<e>,<b>,4,3,1,<e>,<e>
23819,<b>,3,1,<e>,<b>,955,<e>,<b>,955,<e>,<b>,4,1,<e>,<b>,3,4,1,<e>,<b>,4,1,<e>,<b>,4,3,1,<e>,<e>
23819,<b>,3,4,1,<e>,<b>,955,<e>,<b>,955,<e>,<b>,955,<e>,<b>,955,<e>,<b>,955,<e>,<b>,955,<e>,<e>
23822,<b>,2,1,<e>,<b>,955,<e>,<b>,5,2,1,<e>,<b>,955,<e>,<b>,955,<e>,<b>,955,<e>,<b>,955,<e>,<e>
23822,<b>,2,1,<e>,<b>,2,1,<e>,<b>,955,<e>,<b>,955,<e>,<b>,955,<e>,<b>,2,1,<e>,<b>,2,1,2,1,<e>,<e>
23822,<b>,2,1,<e>,<b>,955,<e>,<b>,955,<e>,<b>,955,<e>,<b>,955,<e>,<b>,955,<e>,<b>,955,<e>,<e>
23828,<b>,3,2,1,<e>,<b>,2,1,<e>,<b>,2,1,<e>,<b>,2,1,<e>,<b>,3,2,1,<e>,<b>,2,1,<e>,<b>,955,<e>,<e>
23828,<b>,2,1,<e>,<b>,3,5,1,<e>,<b>,955,<e>,<b>,2,1,<e>,<b>,3,1,<e>,<b>,3,2,1,<e>,<b>,2,1,<e>,<e>
23828,<b>,3,5,1,<e>,<b>,3,2,1,<e>,<b>,2,5,1,<e>,<b>,955,<e>,<b>,955,<e>,<b>,955,<e>,<b>,955,<e>,<e>
23830,<b>,3,1,<e>,<b>,955,<e>,<b>,2,1,<e>,<b>,2,1,<e>,<b>,3,1,<e>,<b>,4,1,<e>,<b>,955,<e>,<e>
23830,<b>,2,1,<e>,<b>,4,1,<e>,<b>,955,<e>,<b>,955,<e>,<b>,955,<e>,<b>,2,1,<e>,<b>,2,1,<e>,<e>
23837,<b>,2,1,<e>,<b>,3,2,1,<e>,<b>,955,<e>,<b>,2,1,<e>,<b>,3,2,1,<e>,<b>,955,<e>,<b>,3,2,4,1,<e>,<e>
23837,<b>,3,1,2,1,2,1,<e>,<b>,3,5,2,1,2,1,<e>,<b>,955,<e>,<b>,3,1,2,1,<e>,<b>,955,<e>,<b>,2,1,<e>,<b>,2,1,<e>,<e>
23837,<b>,3,1,2,1,<e>,<b>,955,<e>,<b>,955,<e>,<b>,955,<e>,<b>,955,<e>,<b>,955,<e>,<b>,955,<e>,<e>
23843,<b>,2,1,<e>,<b>,2,1,2,1,<e>,<b>,3,1,2,1,<e>,<b>,2,1,<e>,<b>,3,1,<e>,<b>,2,1,<e>,<b>,955,<e>,<e>
23843,<b>,1,<e>,<b>,2,1,<e>,<b>,955,<e>,<b>,2,1,2,1,<e>,<b>,4,1,<e>,<b>,2,1,<e>,<b>,2,1,<e>,<e>
23843,<b>,4,1,<e>,<b>,2,1,<e>,<b>,2,1,<e>,<b>,955,<e>,<b>,955,<e>,<b>,955,<e>,<b>,955,<e>,<e>
23850,<b>,4,1,<e>,<b>,3,2,1,<e>,<b>,2,1,<e>,<b>,2,1,2,1,<e>,<b>,955,<e>,<b>,3,2,1,2,1,<e>,<b>,3,2,1,<e>,<e>
23850,<b>,2,1,2,1,<e>,<b>,2,1,<e>,<b>,2,1,<e>,<b>,2,1,<e>,<b>,2,1,<e>,<b>,3,2,1,<e>,<b>,2,1,<e>,<e>
23850,<b>,3,2,1,<e>,<b>,955,<e>,<b>,955,<e>,<b>,955,<e>,<b>,955,<e>,<b>,955,<e>,<b>,955,<e>,<e>
23858,<b>,3,1,<e>,<b>,3,1,5,2,5,1,<e>,<b>,2,1,2,5,1,<e>,<b>,5,1,2,1,5,1,5,2,5,1,<e>,<b>,3,2,3,1,<e>,<b>,3,1,<e>,<b>,3,2,3,2,1,<e>,<e>
23858,<b>,5,1,2,1,<e>,<b>,2,1,2,1,<e>,<b>,2,1,2,5,2,1,<e>,<b>,2,1,2,1,<e>,<b>,3,2,1,<e>,<b>,3,2,5,1,<e>,<b>,3,2,1,<e>,<e>
23858,<b>,3,5,2,1,<e>,<b>,3,1,<e>,<b>,2,5,1,2,1,<e>,<b>,955,<e>,<b>,955,<e>,<b>,955,<e>,<b>,955,<e>,<e>
23862,<b>,2,5,1,<e>,<b>,955,<e>,<b>,955,<e>,<b>,2,5,2,1,<e>,<b>,3,2,1,<e>,<b>,3,2,1,<e>,<b>,3,1,<e>,<e>
23862,<b>,2,1,<e>,<b>,955,<e>,<b>,955,<e>,<b>,3,1,<e>,<b>,3,2,1,<e>,<b>,955,<e>,<b>,955,<e>,<e>
23862,<b>,2,3,1,<e>,<b>,955,<e>,<b>,955,<e>,<b>,955,<e>,<b>,955,<e>,<b>,955,<e>,<b>,955,<e>,<e>
23866,<b>,2,1,<e>,<b>,4,5,3,1,<e>,<b>,3,1,<e>,<b>,3,1,<e>,<b>,4,1,<e>,<b>,955,<e>,<b>,4,3,1,<e>,<e>
23866,<b>,3,1,<e>,<b>,2,1,<e>,<b>,955,<e>,<b>,4,3,1,<e>,<b>,3,1,<e>,<b>,955,<e>,<b>,955,<e>,<e>
23868,<b>,2,1,<e>,<b>,4,1,<e>,<b>,2,1,<e>,<b>,2,1,<e>,<b>,955,<e>,<b>,955,<e>,<b>,3,5,1,<e>,<e>
23868,<b>,2,1,<e>,<b>,3,1,<e>,<b>,2,1,<e>,<b>,955,<e>,<b>,4,1,<e>,<b>,4,2,1,<e>,<b>,3,1,<e>,<e>
23602,<b>,3,1,<e>,<b>,955,<e>,<b>,955,<e>,<b>,955,<e>,<b>,955,<e>,<b>,955,<e>,<b>,955,<e>,<e>
23602,<b>,3,1,<e>,<b>,955,<e>,<b>,5,1,<e>,<b>,3,1,<e>,<b>,3,1,<e>,<b>,3,1,<e>,<b>,955,<e>,<e>
23612,<b>,2,1,<e>,<b>,955,<e>,<b>,955,<e>,<b>,3,2,1,<e>,<b>,955,<e>,<b>,3,2,4,1,<e>,<b>,955,<e>,<e>
23612,<b>,3,1,<e>,<b>,955,<e>,<b>,955,<e>,<b>,3,1,<e>,<b>,3,5,1,<e>,<b>,3,5,1,<e>,<b>,2,1,<e>,<e>
23612,<b>,3,1,<e>,<b>,955,<e>,<b>,955,<e>,<b>,955,<e>,<b>,955,<e>,<b>,955,<e>,<b>,955,<e>,<e>
23638,<b>,2,1,2,1,<e>,<b>,2,1,<e>,<b>,2,1,2,1,<e>,<b>,2,1,5,1,2,1,<e>,<b>,2,1,3,1,<e>,<b>,3,1,<e>,<b>,3,1,<e>,<e>
23638,<b>,2,1,3,2,1,<e>,<b>,2,1,2,1,3,1,<e>,<b>,2,1,<e>,<b>,955,<e>,<b>,2,1,2,1,<e>,<b>,2,1,2,1,<e>,<b>,2,1,2,1,5,1,<e>,<e>
23638,<b>,3,1,<e>,<b>,3,1,3,1,<e>,<b>,955,<e>,<b>,955,<e>,<b>,955,<e>,<b>,955,<e>,<b>,955,<e>,<e>
23645,<b>,3,4,2,3,1,<e>,<b>,2,1,<e>,<b>,2,1,<e>,<b>,3,4,1,3,1,<e>,<b>,3,1,4,1,3,1,<e>,<b>,3,1,4,1,<e>,<b>,2,1,2,1,<e>,<e>
23645,<b>,3,5,2,1,3,1,<e>,<b>,2,1,<e>,<b>,2,1,<e>,<b>,3,2,1,3,1,<e>,<b>,3,1,3,1,2,1,<e>,<b>,3,1,2,3,1,<e>,<b>,3,2,1,3,1,<e>,<e>
23645,<b>,2,1,<e>,<b>,955,<e>,<b>,955,<e>,<b>,955,<e>,<b>,955,<e>,<b>,955,<e>,<b>,955,<e>,<e>
23650,<b>,4,1,<e>,<b>,2,1,<e>,<b>,2,1,<e>,<b>,3,1,<e>,<b>,955,<e>,<b>,955,<e>,<b>,955,<e>,<e>
23650,<b>,2,1,<e>,<b>,2,1,<e>,<b>,2,1,<e>,<b>,955,<e>,<b>,955,<e>,<b>,955,<e>,<b>,955,<e>,<e>
23650,<b>,2,1,<e>,<b>,955,<e>,<b>,955,<e>,<b>,955,<e>,<b>,955,<e>,<b>,955,<e>,<b>,955,<e>,<e>
23651,<b>,4,1,<e>,<b>,955,<e>,<b>,2,1,<e>,<b>,4,1,<e>,<b>,4,1,<e>,<b>,5,1,<e>,<b>,2,1,<e>,<e>
23651,<b>,4,1,<e>,<b>,2,1,<e>,<b>,2,1,<e>,<b>,955,<e>,<b>,955,<e>,<b>,4,1,<e>,<b>,955,<e>,<e>
23661,<b>,3,2,1,<e>,<b>,2,1,<e>,<b>,3,2,1,<e>,<b>,2,3,2,1,<e>,<b>,3,2,1,<e>,<b>,3,2,3,2,1,<e>,<b>,3,2,1,<e>,<e>
23661,<b>,3,1,<e>,<b>,955,<e>,<b>,955,<e>,<b>,955,<e>,<b>,2,3,2,1,<e>,<b>,3,2,1,<e>,<b>,3,2,1,<e>,<e>
23661,<b>,3,1,<e>,<b>,2,3,2,1,<e>,<b>,955,<e>,<b>,955,<e>,<b>,955,<e>,<b>,955,<e>,<b>,955,<e>,<e>
23729,<b>,5,3,3,1,<e>,<b>,955,<e>,<b>,2,1,<e>,<b>,5,3,5,1,<e>,<b>,3,1,<e>,<b>,3,1,<e>,<b>,955,<e>,<e>
23729,<b>,3,1,<e>,<b>,955,<e>,<b>,2,1,<e>,<b>,955,<e>,<b>,955,<e>,<b>,4,1,<e>,<b>,3,1,<e>,<e>
23729,<b>,3,1,<e>,<b>,955,<e>,<b>,955,<e>,<b>,955,<e>,<b>,955,<e>,<b>,955,<e>,<b>,955,<e>,<e>
23735,<b>,3,1,<e>,<b>,3,1,<e>,<b>,4,1,<e>,<b>,4,1,<e>,<b>,3,1,<e>,<b>,955,<e>,<b>,955,<e>,<e>
23735,<b>,4,1,<e>,<b>,3,1,<e>,<b>,955,<e>,<b>,3,1,<e>,<b>,955,<e>,<b>,3,1,<e>,<b>,955,<e>,<e>
23744,<b>,5,2,1,<e>,<b>,5,1,<e>,<b>,2,1,<e>,<b>,955,<e>,<b>,955,<e>,<b>,955,<e>,<b>,955,<e>,<e>
23768,<b>,2,1,<e>,<b>,5,2,1,<e>,<b>,2,1,<e>,<b>,2,1,<e>,<b>,3,2,1,<e>,<b>,2,1,<e>,<b>,2,1,<e>,<e>
23768,<b>,3,2,1,<e>,<b>,2,1,<e>,<b>,2,1,<e>,<b>,2,1,<e>,<b>,3,1,<e>,<b>,955,<e>,<b>,2,1,<e>,<e>
23768,<b>,2,1,2,1,<e>,<b>,2,1,<e>,<b>,955,<e>,<b>,955,<e>,<b>,955,<e>,<b>,955,<e>,<b>,955,<e>,<e>
23777,<b>,2,2,1,<e>,<b>,2,5,2,1,<e>,<b>,4,2,4,1,<e>,<b>,3,5,1,2,1,<e>,<b>,3,2,3,2,1,<e>,<b>,3,2,1,<e>,<b>,4,2,1,<e>,<e>
23777,<b>,3,2,1,<e>,<b>,5,2,3,2,1,2,1,<e>,<b>,4,2,1,<e>,<b>,3,2,5,1,<e>,<b>,2,3,2,1,<e>,<b>,5,2,5,2,1,<e>,<b>,3,5,2,1,<e>,<e>
23777,<b>,3,4,2,3,2,1,<e>,<b>,2,1,<e>,<b>,955,<e>,<b>,955,<e>,<b>,955,<e>,<b>,955,<e>,<b>,955,<e>,<e>
23778,<b>,3,1,<e>,<b>,955,<e>,<b>,955,<e>,<b>,3,1,<e>,<b>,955,<e>,<b>,955,<e>,<b>,955,<e>,<e>
23778,<b>,3,1,<e>,<b>,2,1,<e>,<b>,5,1,<e>,<b>,955,<e>,<b>,3,1,<e>,<b>,3,2,1,<e>,<b>,5,1,<e>,<e>
23778,<b>,3,1,<e>,<b>,5,1,<e>,<b>,955,<e>,<b>,955,<e>,<b>,955,<e>,<b>,955,<e>,<b>,955,<e>,<e>
23798,<b>,4,1,<e>,<b>,955,<e>,<b>,3,1,2,1,<e>,<b>,4,1,<e>,<b>,4,2,1,<e>,<b>,955,<e>,<b>,955,<e>,<e>
23798,<b>,4,3,1,<e>,<b>,2,4,1,<e>,<b>,955,<e>,<b>,4,1,<e>,<b>,955,<e>,<b>,955,<e>,<b>,955,<e>,<e>
23798,<b>,4,3,1,<e>,<b>,4,3,2,1,<e>,<b>,955,<e>,<b>,955,<e>,<b>,955,<e>,<b>,955,<e>,<b>,955,<e>,<e>
23801,<b>,3,2,3,4,1,<e>,<b>,3,1,<e>,<b>,5,2,1,<e>,<b>,955,<e>,<b>,955,<e>,<b>,955,<e>,<b>,955,<e>,<e>
23802,<b>,3,1,<e>,<b>,3,1,<e>,<b>,955,<e>,<b>,955,<e>,<b>,955,<e>,<b>,955,<e>,<b>,955,<e>,<e>
23831,<b>,3,1,<e>,<b>,955,<e>,<b>,955,<e>,<b>,955,<e>,<b>,955,<e>,<b>,955,<e>,<b>,3,1,<e>,<e>
23831,<b>,2,5,1,<e>,<b>,955,<e>,<b>,3,1,<e>,<b>,3,1,<e>,<b>,3,1,<e>,<b>,3,1,<e>,<b>,955,<e>,<e>
23838,<b>,5,1,<e>,<b>,955,<e>,<b>,955,<e>,<b>,955,<e>,<b>,955,<e>,<b>,955,<e>,<b>,955,<e>,<e>
23605,<b>,2,1,<e>,<b>,2,1,<e>,<b>,3,2,1,<e>,<b>,3,1,<e>,<b>,3,1,<e>,<b>,3,1,<e>,<b>,3,1,<e>,<e>
23605,<b>,2,1,<e>,<b>,4,2,1,<e>,<b>,3,2,1,<e>,<b>,3,2,1,<e>,<b>,3,1,<e>,<b>,3,1,<e>,<b>,3,1,<e>,<e>
23605,<b>,2,1,<e>,<b>,955,<e>,<b>,955,<e>,<b>,955,<e>,<b>,955,<e>,<b>,955,<e>,<b>,955,<e>,<e>
23618,<b>,2,2,1,<e>,<b>,2,1,<e>,<b>,955,<e>,<b>,2,1,<e>,<b>,955,<e>,<b>,2,1,2,1,<e>,<b>,4,2,1,<e>,<e>
23618,<b>,2,1,<e>,<b>,2,1,<e>,<b>,955,<e>,<b>,955,<e>,<b>,2,1,<e>,<b>,2,1,<e>,<b>,2,1,<e>,<e>
23635,<b>,5,1,<e>,<b>,5,1,<e>,<b>,2,1,<e>,<b>,5,1,<e>,<b>,955,<e>,<b>,955,<e>,<b>,955,<e>,<e>
23635,<b>,5,1,<e>,<b>,955,<e>,<b>,955,<e>,<b>,955,<e>,<b>,955,<e>,<b>,955,<e>,<b>,955,<e>,<e>
23637,<b>,5,1,4,1,<e>,<b>,2,1,<e>,<b>,4,1,<e>,<b>,4,1,<e>,<b>,2,4,1,<e>,<b>,955,<e>,<b>,2,1,2,1,<e>,<e>
23637,<b>,4,1,2,1,<e>,<b>,2,1,<e>,<b>,955,<e>,<b>,955,<e>,<b>,4,1,2,1,<e>,<b>,3,1,<e>,<b>,2,1,4,1,<e>,<e>
23637,<b>,4,1,<e>,<b>,955,<e>,<b>,955,<e>,<b>,955,<e>,<b>,955,<e>,<b>,955,<e>,<b>,955,<e>,<e>
23640,<b>,4,1,<e>,<b>,4,1,<e>,<b>,3,1,<e>,<b>,3,1,<e>,<b>,955,<e>,<b>,955,<e>,<b>,3,2,3,1,<e>,<e>
23640,<b>,4,1,<e>,<b>,4,1,<e>,<b>,3,1,<e>,<b>,3,1,<e>,<b>,3,1,<e>,<b>,3,1,<e>,<b>,3,1,<e>,<e>
23640,<b>,4,1,<e>,<b>,955,<e>,<b>,955,<e>,<b>,955,<e>,<b>,955,<e>,<b>,955,<e>,<b>,955,<e>,<e>
23648,<b>,2,1,<e>,<b>,4,1,2,1,<e>,<b>,2,1,<e>,<b>,3,1,4,1,<e>,<b>,3,1,<e>,<b>,5,2,1,<e>,<b>,955,<e>,<e>
23648,<b>,4,1,<e>,<b>,4,1,<e>,<b>,955,<e>,<b>,3,1,<e>,<b>,4,3,1,5,4,1,<e>,<b>,3,2,1,<e>,<b>,3,1,<e>,<e>
23648,<b>,4,1,2,1,<e>,<b>,955,<e>,<b>,955,<e>,<b>,955,<e>,<b>,955,<e>,<b>,955,<e>,<b>,955,<e>,<e>
23660,<b>,2,2,1,<e>,<b>,2,1,2,1,2,1,<e>,<b>,955,<e>,<b>,2,5,2,1,<e>,<b>,2,1,2,1,<e>,<b>,2,1,<e>,<b>,2,1,<e>,<e>
23660,<b>,5,2,1,2,1,<e>,<b>,2,1,2,1,<e>,<b>,2,1,2,1,<e>,<b>,2,1,5,2,1,<e>,<b>,2,1,2,1,<e>,<b>,2,1,2,1,<e>,<b>,2,1,<e>,<e>
23660,<b>,2,1,2,1,2,1,<e>,<b>,955,<e>,<b>,955,<e>,<b>,955,<e>,<b>,955,<e>,<b>,955,<e>,<b>,955,<e>,<e>
23665,<b>,2,5,1,<e>,<b>,5,2,1,<e>,<b>,3,1,<e>,<b>,955,<e>,<b>,2,1,<e>,<b>,5,1,<e>,<b>,955,<e>,<e>
23665,<b>,5,1,<e>,<b>,955,<e>,<b>,955,<e>,<b>,955,<e>,<b>,955,<e>,<b>,3,5,1,<e>,<b>,955,<e>,<e>
23665,<b>,5,1,<e>,<b>,955,<e>,<b>,955,<e>,<b>,955,<e>,<b>,955,<e>,<b>,955,<e>,<b>,955,<e>,<e>
23676,<b>,2,1,<e>,<b>,955,<e>,<b>,955,<e>,<b>,3,2,1,<e>,<b>,955,<e>,<b>,2,1,<e>,<b>,4,5,2,4,5,1,<e>,<e>
23676,<b>,2,1,2,1,2,1,<e>,<b>,4,2,1,<e>,<b>,3,1,<e>,<b>,3,4,2,1,<e>,<b>,4,1,<e>,<b>,2,1,<e>,<b>,3,4,1,<e>,<e>
23676,<b>,4,1,<e>,<b>,955,<e>,<b>,955,<e>,<b>,955,<e>,<b>,955,<e>,<b>,955,<e>,<b>,955,<e>,<e>
23685,<b>,2,3,4,5,1,<e>,<b>,2,5,1,<e>,<b>,955,<e>,<b>,5,3,2,3,1,<e>,<b>,3,1,<e>,<b>,2,1,<e>,<b>,2,5,1,<e>,<e>
23685,<b>,2,1,<e>,<b>,2,1,<e>,<b>,2,1,<e>,<b>,3,2,3,4,1,<e>,<b>,2,3,5,3,5,3,4,1,<e>,<b>,955,<e>,<b>,3,2,3,4,3,1,<e>,<e>
23685,<b>,2,5,1,<e>,<b>,955,<e>,<b>,955,<e>,<b>,955,<e>,<b>,955,<e>,<b>,955,<e>,<b>,955,<e>,<e>
23700,<b>,3,1,<e>,<b>,5,1,<e>,<b>,955,<e>,<b>,955,<e>,<b>,955,<e>,<b>,955,<e>,<b>,955,<e>,<e>
23700,<b>,5,1,<e>,<b>,955,<e>,<b>,955,<e>,<b>,955,<e>,<b>,955,<e>,<b>,955,<e>,<b>,955,<e>,<e>
23709,<b>,2,1,<e>,<b>,955,<e>,<b>,955,<e>,<b>,955,<e>,<b>,955,<e>,<b>,955,<e>,<b>,955,<e>,<e>
23775,<b>,2,1,<e>,<b>,955,<e>,<b>,955,<e>,<b>,955,<e>,<b>,955,<e>,<b>,955,<e>,<b>,955,<e>,<e>
23794,<b>,5,1,<e>,<b>,2,1,<e>,<b>,3,1,<e>,<b>,955,<e>,<b>,3,1,<e>,<b>,955,<e>,<b>,2,1,5,1,<e>,<e>
23794,<b>,5,2,1,<e>,<b>,955,<e>,<b>,3,1,<e>,<b>,955,<e>,<b>,2,1,<e>,<b>,3,1,<e>,<b>,2,1,2,1,<e>,<e>
23794,<b>,2,1,2,1,<e>,<b>,955,<e>,<b>,955,<e>,<b>,955,<e>,<b>,955,<e>,<b>,955,<e>,<b>,955,<e>,<e>
23797,<b>,3,2,2,1,<e>,<b>,3,2,1,<e>,<b>,3,1,<e>,<b>,955,<e>,<b>,3,1,<e>,<b>,3,1,<e>,<b>,955,<e>,<e>
23797,<b>,2,1,<e>,<b>,955,<e>,<b>,3,1,<e>,<b>,955,<e>,<b>,2,1,<e>,<b>,955,<e>,<b>,3,2,1,<e>,<e>
23797,<b>,3,1,<e>,<b>,955,<e>,<b>,955,<e>,<b>,955,<e>,<b>,955,<e>,<b>,955,<e>,<b>,955,<e>,<e>
23799,<b>,4,1,1,<e>,<b>,955,<e>,<b>,955,<e>,<b>,955,<e>,<b>,955,<e>,<b>,955,<e>,<b>,955,<e>,<e>
23818,<b>,2,1,<e>,<b>,955,<e>,<b>,955,<e>,<b>,955,<e>,<b>,955,<e>,<b>,955,<e>,<b>,955,<e>,<e>
23826,<b>,3,1,<e>,<b>,955,<e>,<b>,955,<e>,<b>,955,<e>,<b>,955,<e>,<b>,3,1,<e>,<b>,955,<e>,<e>
23833,<b>,2,1,<e>,<b>,955,<e>,<b>,955,<e>,<b>,955,<e>,<b>,955,<e>,<b>,4,2,1,<e>,<b>,955,<e>,<e>
23833,<b>,5,2,1,<e>,<b>,955,<e>,<b>,955,<e>,<b>,955,<e>,<b>,955,<e>,<b>,955,<e>,<b>,955,<e>,<e>
23846,<b>,5,2,1,<e>,<b>,2,1,<e>,<b>,955,<e>,<b>,2,1,2,1,<e>,<b>,955,<e>,<b>,955,<e>,<b>,955,<e>,<e>
23846,<b>,2,1,<e>,<b>,2,1,<e>,<b>,2,1,5,1,<e>,<b>,955,<e>,<b>,955,<e>,<b>,955,<e>,<b>,955,<e>,<e>
23848,<b>,2,1,<e>,<b>,2,1,<e>,<b>,3,1,<e>,<b>,3,1,<e>,<b>,3,1,<e>,<b>,3,1,<e>,<b>,3,1,<e>,<e>
23848,<b>,3,1,<e>,<b>,955,<e>,<b>,3,1,<e>,<b>,3,1,<e>,<b>,3,1,<e>,<b>,3,1,<e>,<b>,3,1,<e>,<e>
23859,<b>,2,1,<e>,<b>,2,1,<e>,<b>,3,2,3,1,<e>,<b>,3,2,3,1,<e>,<b>,2,3,1,<e>,<b>,2,1,<e>,<b>,955,<e>,<e>
23859,<b>,2,1,2,1,<e>,<b>,955,<e>,<b>,955,<e>,<b>,3,1,<e>,<b>,955,<e>,<b>,3,2,1,2,1,<e>,<b>,2,1,<e>,<e>
23601,<b>,2,1,<e>,<b>,3,2,1,<e>,<b>,3,2,1,<e>,<b>,955,<e>,<b>,2,1,2,1,<e>,<b>,2,4,1,<e>,<b>,2,1,<e>,<e>
23601,<b>,2,1,5,1,<e>,<b>,955,<e>,<b>,955,<e>,<b>,3,4,1,<e>,<b>,2,1,<e>,<b>,3,1,<e>,<b>,2,1,<e>,<e>
23620,<b>,2,1,<e>,<b>,955,<e>,<b>,955,<e>,<b>,955,<e>,<b>,955,<e>,<b>,955,<e>,<b>,955,<e>,<e>
23620,<b>,5,1,2,1,<e>,<b>,955,<e>,<b>,2,1,<e>,<b>,955,<e>,<b>,955,<e>,<b>,955,<e>,<b>,955,<e>,<e>
23624,<b>,2,2,1,<e>,<b>,2,1,<e>,<b>,2,1,<e>,<b>,2,1,<e>,<b>,2,1,<e>,<b>,2,1,<e>,<b>,2,1,<e>,<e>
23624,<b>,2,1,<e>,<b>,2,1,<e>,<b>,2,1,2,1,<e>,<b>,5,1,2,1,<e>,<b>,2,1,<e>,<b>,2,1,<e>,<b>,2,1,2,1,<e>,<e>
23712,<b>,2,1,<e>,<b>,3,1,<e>,<b>,3,1,<e>,<b>,3,5,1,<e>,<b>,2,1,<e>,<b>,955,<e>,<b>,955,<e>,<e>
23712,<b>,3,1,<e>,<b>,3,1,<e>,<b>,3,1,<e>,<b>,3,1,<e>,<b>,3,1,<e>,<b>,955,<e>,<b>,955,<e>,<e>
23717,<b>,3,1,<e>,<b>,955,<e>,<b>,955,<e>,<b>,955,<e>,<b>,955,<e>,<b>,955,<e>,<b>,955,<e>,<e>
23722,<b>,2,1,<e>,<b>,955,<e>,<b>,955,<e>,<b>,955,<e>,<b>,955,<e>,<b>,955,<e>,<b>,955,<e>,<e>
23765,<b>,5,1,<e>,<b>,955,<e>,<b>,955,<e>,<b>,955,<e>,<b>,955,<e>,<b>,4,1,<e>,<b>,955,<e>,<e>
23765,<b>,4,1,<e>,<b>,955,<e>,<b>,955,<e>,<b>,955,<e>,<b>,955,<e>,<b>,955,<e>,<b>,955,<e>,<e>
23771,<b>,2,1,<e>,<b>,3,1,<e>,<b>,955,<e>,<b>,955,<e>,<b>,955,<e>,<b>,955,<e>,<b>,955,<e>,<e>
23771,<b>,3,1,<e>,<b>,955,<e>,<b>,955,<e>,<b>,955,<e>,<b>,955,<e>,<b>,955,<e>,<b>,955,<e>,<e>
23782,<b>,4,1,<e>,<b>,3,1,<e>,<b>,3,1,<e>,<b>,3,1,<e>,<b>,4,1,<e>,<b>,3,1,<e>,<b>,955,<e>,<e>
23782,<b>,3,1,<e>,<b>,3,1,<e>,<b>,3,1,<e>,<b>,3,1,<e>,<b>,955,<e>,<b>,955,<e>,<b>,955,<e>,<e>
23793,<b>,2,1,<e>,<b>,3,1,<e>,<b>,955,<e>,<b>,3,1,<e>,<b>,2,1,<e>,<b>,2,1,<e>,<b>,955,<e>,<e>
23809,<b>,2,1,<e>,<b>,3,1,<e>,<b>,955,<e>,<b>,3,1,<e>,<b>,5,1,<e>,<b>,955,<e>,<b>,955,<e>,<e>
23844,<b>,2,1,<e>,<b>,955,<e>,<b>,3,1,<e>,<b>,955,<e>,<b>,955,<e>,<b>,955,<e>,<b>,955,<e>,<e>
23844,<b>,3,2,1,<e>,<b>,955,<e>,<b>,955,<e>,<b>,955,<e>,<b>,955,<e>,<b>,955,<e>,<b>,955,<e>,<e>
23851,<b>,2,1,<e>,<b>,955,<e>,<b>,955,<e>,<b>,955,<e>,<b>,955,<e>,<b>,2,1,<e>,<b>,955,<e>,<e>
23851,<b>,5,1,<e>,<b>,955,<e>,<b>,955,<e>,<b>,955,<e>,<b>,955,<e>,<b>,955,<e>,<b>,955,<e>,<e>
23723,<b>,3,1,<e>,<b>,3,1,<e>,<b>,3,1,2,1,<e>,<b>,2,1,2,1,<e>,<b>,3,1,<e>,<b>,2,1,<e>,<b>,955,<e>,<e>
23723,<b>,3,2,1,<e>,<b>,2,1,<e>,<b>,3,2,1,<e>,<b>,3,1,2,1,<e>,<b>,3,2,1,<e>,<b>,5,2,1,<e>,<b>,955,<e>,<e>
23739,<b>,3,1,<e>,<b>,5,1,<e>,<b>,3,1,<e>,<b>,2,1,<e>,<b>,955,<e>,<b>,955,<e>,<b>,3,1,<e>,<e>
23739,<b>,2,1,<e>,<b>,5,1,3,1,<e>,<b>,955,<e>,<b>,3,1,<e>,<b>,3,5,3,2,1,<e>,<b>,955,<e>,<b>,955,<e>,<e>
23628,<b>,3,1,<e>,<b>,3,1,<e>,<b>,955,<e>,<b>,4,1,<e>,<b>,955,<e>,<b>,955,<e>,<b>,955,<e>,<e>
23824,<b>,3,1,<e>,<b>,955,<e>,<b>,2,1,<e>,<b>,955,<e>,<b>,955,<e>,<b>,955,<e>,<b>,955,<e>,<e>
23824,<b>,3,1,<e>,<b>,955,<e>,<b>,2,1,<e>,<b>,955,<e>,<b>,955,<e>,<b>,955,<e>,<b>,955,<e>,<e>
23629,<b>,2,1,2,1,<e>,<b>,5,1,2,1,<e>,<b>,5,1,2,1,<e>,<b>,2,1,2,1,<e>,<b>,5,1,5,1,<e>,<b>,5,1,<e>,<b>,3,2,1,5,1,<e>,<e>
23629,<b>,5,1,5,1,<e>,<b>,2,1,2,1,<e>,<b>,3,1,<e>,<b>,2,1,5,1,<e>,<b>,955,<e>,<b>,955,<e>,<b>,955,<e>,<e>
23642,<b>,2,5,2,1,<e>,<b>,955,<e>,<b>,3,1,<e>,<b>,3,1,<e>,<b>,955,<e>,<b>,955,<e>,<b>,955,<e>,<e>
23642,<b>,3,5,1,<e>,<b>,3,2,3,2,1,<e>,<b>,2,1,<e>,<b>,955,<e>,<b>,955,<e>,<b>,955,<e>,<b>,955,<e>,<e>
23659,<b>,5,1,5,1,<e>,<b>,2,1,5,1,<e>,<b>,2,1,4,1,<e>,<b>,955,<e>,<b>,2,1,<e>,<b>,3,1,<e>,<b>,2,1,2,1,<e>,<e>
23659,<b>,2,1,2,1,<e>,<b>,2,1,5,1,<e>,<b>,4,1,2,1,<e>,<b>,955,<e>,<b>,955,<e>,<b>,955,<e>,<b>,955,<e>,<e>
23668,<b>,3,1,<e>,<b>,5,2,5,1,<e>,<b>,3,1,<e>,<b>,5,2,1,<e>,<b>,5,1,2,1,<e>,<b>,3,1,2,1,<e>,<b>,3,1,2,1,<e>,<e>
23668,<b>,3,1,2,1,<e>,<b>,3,1,<e>,<b>,4,2,4,1,5,1,<e>,<b>,5,2,1,2,1,<e>,<b>,955,<e>,<b>,955,<e>,<b>,955,<e>,<e>
23692,<b>,3,1,<e>,<b>,3,1,<e>,<b>,3,1,<e>,<b>,5,1,<e>,<b>,3,5,1,<e>,<b>,955,<e>,<b>,955,<e>,<e>
23692,<b>,3,1,<e>,<b>,3,1,<e>,<b>,3,1,<e>,<b>,955,<e>,<b>,955,<e>,<b>,955,<e>,<b>,955,<e>,<e>
23719,<b>,4,2,2,1,<e>,<b>,4,2,4,1,<e>,<b>,955,<e>,<b>,955,<e>,<b>,2,1,2,1,<e>,<b>,4,3,1,<e>,<b>,955,<e>,<e>
23719,<b>,2,1,2,1,<e>,<b>,4,1,2,1,<e>,<b>,2,4,1,<e>,<b>,4,1,<e>,<b>,955,<e>,<b>,955,<e>,<b>,955,<e>,<e>
23857,<b>,3,1,1,<e>,<b>,2,1,<e>,<b>,955,<e>,<b>,955,<e>,<b>,955,<e>,<b>,955,<e>,<b>,955,<e>,<e>
23670,<b>,2,1,1,<e>,<b>,955,<e>,<b>,955,<e>,<b>,2,1,<e>,<b>,955,<e>,<b>,955,<e>,<b>,2,1,<e>,<e>
23670,<b>,3,1,<e>,<b>,2,1,<e>,<b>,955,<e>,<b>,955,<e>,<b>,955,<e>,<b>,955,<e>,<b>,955,<e>,<e>
23790,<b>,5,5,1,<e>,<b>,5,1,<e>,<b>,955,<e>,<b>,5,1,<e>,<b>,955,<e>,<b>,955,<e>,<b>,5,1,<e>,<e>
23790,<b>,5,1,<e>,<b>,955,<e>,<b>,955,<e>,<b>,955,<e>,<b>,955,<e>,<b>,955,<e>,<b>,955,<e>,<e>
23820,<b>,2,1,<e>,<b>,955,<e>,<b>,955,<e>,<b>,5,1,<e>,<b>,3,1,<e>,<b>,3,2,1,<e>,<b>,2,1,<e>,<e>
23626,<b>,3,2,1,<e>,<b>,955,<e>,<b>,955,<e>,<b>,955,<e>,<b>,955,<e>,<b>,955,<e>,<b>,955,<e>,<e>
23757,<b>,3,4,1,<e>,<b>,2,1,<e>,<b>,955,<e>,<b>,4,1,<e>,<b>,2,1,<e>,<b>,955,<e>,<b>,955,<e>,<e>
